source_type,date,title,filename,format,size_kb,excerpt
management,2019-04-01,Annual Report 2018,2019-04-01-annual-report-2018.pdf,PDF,14999,
management,2019-07-24,Interim Financial Report H1 2019,2019-07-24-interim-financial-report-h1-2019.pdf,PDF,1591,
management,2020-04-01,Annual Report 2019,2020-04-01-annual-report-2019.pdf,PDF,11476,
management,2020-07-27,First Half 2020 Results Presentation,2020-07-27-first-half-2020-results-presentation.pdf,PDF,6709,
management,2020-07-27,Interim Financial Report H1 2020,2020-07-27-interim-financial-report-h1-2020.pdf,PDF,2665,
management,2021-04-01,Annual Report 2020,2021-04-01-annual-report-2020.pdf,PDF,10073,
management,2022-01-27,Financial Documents Fy 2021,2022-01-27-financial-documents-fy-2021.pdf,PDF,2943,
management,2022-04-01,Annual Report 2021,2022-04-01-annual-report-2021.pdf,PDF,33597,
management,2022-07-26,Interim Financial Report H1 2022,2022-07-26-interim-financial-report-h1-2022.pdf,PDF,1630,
management,2023-04-01,Annual Report 2022,2023-04-01-annual-report-2022.pdf,PDF,29874,
management,2023-07-25,Interim Financial Report H1 2023,2023-07-25-interim-financial-report-h1-2023.pdf,PDF,2077,
management,2024-01-25,Financial Documents Fy 2023,2024-01-25-financial-documents-fy-2023.pdf,PDF,1998,
management,2024-04-01,Annual Report 2023,2024-04-01-annual-report-2023.pdf,PDF,25467,
management,2024-07-23,Interim Financial Report H1 2024,2024-07-23-interim-financial-report-h1-2024.pdf,PDF,1670,
management,2025-01-28,Consolidated Financial Statements 2024,2025-01-28-consolidated-financial-statements-2024.pdf,PDF,1377,
management,2025-01-28,Financial Documents Fy 2024,2025-01-28-financial-documents-fy-2024.pdf,PDF,1703,
management,2025-04-01,Annual Report 2024,2025-04-01-annual-report-2024.pdf,PDF,29554,
management,2025-07-22,Interim Financial Report H1 2025,2025-07-22-interim-financial-report-h1-2025.pdf,PDF,1626,
management,2026-01-27,Consolidated Financial Statements 2025,2026-01-27-consolidated-financial-statements-2025.pdf,PDF,1553,
management,2026-04-01,Annual Report 2025,2026-04-01-annual-report-2025.pdf,PDF,30372,
