canonical_id,direction,n_events,mean_car,std_car,t_stat,p_value,positive_pct
OR.PA-management-0,precursor,3,0.05179,0.052514,1.7082,0.229725,66.7
OR.PA-management-1,consequence,0,,,,,
OR.PA-management-10,precursor,3,0.05179,0.052514,1.7082,0.229725,66.7
OR.PA-management-100,consequence,0,,,,,
OR.PA-management-101,precursor,3,0.074484,0.03712,3.4754,0.073749,100.0
OR.PA-management-102,consequence,0,,,,,
OR.PA-management-103,precursor,6,0.064004,0.015845,9.8945,0.00018,100.0
OR.PA-management-104,precursor,4,0.106997,0.0,0.0,1.0,100.0
OR.PA-management-105,consequence,0,,,,,
OR.PA-management-106,precursor,4,-0.04602,0.102012,-0.9023,0.433423,25.0
OR.PA-management-107,precursor,6,-0.027437,0.052098,-1.29,0.253488,16.7
OR.PA-management-108,consequence,0,,,,,
OR.PA-management-109,consequence,0,,,,,
OR.PA-management-11,precursor,3,0.005957,0.050622,0.2038,0.85736,33.3
OR.PA-management-110,consequence,0,,,,,
OR.PA-management-111,precursor,3,-0.011235,0.074298,-0.2619,0.817898,66.7
OR.PA-management-112,consequence,0,,,,,
OR.PA-management-113,precursor,1,-0.0428522253448423,,,,0.0
OR.PA-management-114,consequence,0,,,,,
OR.PA-management-115,precursor,2,-0.001368,0.135281,-0.0143,0.990897,50.0
OR.PA-management-116,consequence,0,,,,,
OR.PA-management-117,consequence,0,,,,,
OR.PA-management-118,consequence,0,,,,,
OR.PA-management-119,precursor,3,-0.094069,0.08871,-1.8367,0.207664,0.0
OR.PA-management-12,precursor,2,0.078782,0.033824,3.294,0.187639,100.0
OR.PA-management-120,consequence,0,,,,,
OR.PA-management-121,precursor,2,0.011302,0.135333,0.1181,0.925157,50.0
OR.PA-management-122,consequence,0,,,,,
OR.PA-management-123,consequence,0,,,,,
OR.PA-management-124,precursor,1,-0.040096011924299374,,,,0.0
OR.PA-management-125,precursor,3,0.058311,0.0,0.0,1.0,100.0
OR.PA-management-126,consequence,0,,,,,
OR.PA-management-127,consequence,0,,,,,
OR.PA-management-128,consequence,0,,,,,
OR.PA-management-129,consequence,0,,,,,
OR.PA-management-13,consequence,0,,,,,
OR.PA-management-130,consequence,0,,,,,
OR.PA-management-131,precursor,3,-0.084392,0.0,0.0,1.0,0.0
OR.PA-management-132,consequence,0,,,,,
OR.PA-management-133,consequence,0,,,,,
OR.PA-management-134,consequence,0,,,,,
OR.PA-management-135,precursor,1,-0.040096011924299374,,,,0.0
OR.PA-management-136,precursor,1,-0.08439230818506889,,,,0.0
OR.PA-management-137,consequence,0,,,,,
OR.PA-management-138,consequence,0,,,,,
OR.PA-management-139,consequence,0,,,,,
OR.PA-management-14,precursor,2,0.102699,0.0,0.0,1.0,100.0
OR.PA-management-140,consequence,0,,,,,
OR.PA-management-141,consequence,0,,,,,
OR.PA-management-142,consequence,0,,,,,
OR.PA-management-143,consequence,0,,,,,
OR.PA-management-144,consequence,0,,,,,
OR.PA-management-145,consequence,0,,,,,
OR.PA-management-146,consequence,0,,,,,
OR.PA-management-147,consequence,0,,,,,
OR.PA-management-148,consequence,0,,,,,
OR.PA-management-149,consequence,0,,,,,
OR.PA-management-15,precursor,1,0.10269944054017395,,,,1.0
OR.PA-management-150,consequence,0,,,,,
OR.PA-management-151,consequence,0,,,,,
OR.PA-management-152,consequence,0,,,,,
OR.PA-management-153,consequence,0,,,,,
OR.PA-management-154,consequence,0,,,,,
OR.PA-management-16,precursor,2,0.080505,0.031387,3.6273,0.171254,100.0
OR.PA-management-17,consequence,0,,,,,
OR.PA-management-18,consequence,0,,,,,
OR.PA-management-19,precursor,4,0.067685,0.023399,5.7852,0.010272,100.0
OR.PA-management-2,precursor,3,0.057778,0.002687,37.2468,0.00072,100.0
OR.PA-management-20,precursor,6,0.038958,0.051153,1.8655,0.121109,66.7
OR.PA-management-21,consequence,0,,,,,
OR.PA-management-22,consequence,0,,,,,
OR.PA-management-23,precursor,2,0.078782,0.033824,3.294,0.187639,100.0
OR.PA-management-24,precursor,3,0.05179,0.052514,1.7082,0.229725,66.7
OR.PA-management-25,precursor,3,-0.087167,0.095251,-1.5851,0.253826,0.0
OR.PA-management-26,consequence,0,,,,,
OR.PA-management-27,precursor,2,-0.042852,0.0,0.0,1.0,0.0
OR.PA-management-28,precursor,1,-0.19650233067618864,,,,0.0
OR.PA-management-29,consequence,0,,,,,
OR.PA-management-3,consequence,0,,,,,
OR.PA-management-30,consequence,0,,,,,
OR.PA-management-31,consequence,0,,,,,
OR.PA-management-32,consequence,0,,,,,
OR.PA-management-33,consequence,0,,,,,
OR.PA-management-34,precursor,12,-0.011131,0.099526,-0.3874,0.705842,41.7
OR.PA-management-35,consequence,0,,,,,
OR.PA-management-36,consequence,0,,,,,
OR.PA-management-37,precursor,3,-0.007596,0.058694,-0.2242,0.843444,33.3
OR.PA-management-38,precursor,5,0.043595,0.063668,1.5311,0.200501,60.0
OR.PA-management-39,precursor,5,0.035087,0.056199,1.396,0.2352,60.0
OR.PA-management-4,precursor,3,0.05179,0.052514,1.7082,0.229725,66.7
OR.PA-management-40,precursor,6,0.038958,0.051153,1.8655,0.121109,66.7
OR.PA-management-41,precursor,5,0.035087,0.056199,1.396,0.2352,60.0
OR.PA-management-42,consequence,0,,,,,
OR.PA-management-43,consequence,0,,,,,
OR.PA-management-44,consequence,0,,,,,
OR.PA-management-45,consequence,0,,,,,
OR.PA-management-46,consequence,0,,,,,
OR.PA-management-47,precursor,3,0.05179,0.052514,1.7082,0.229725,66.7
OR.PA-management-48,consequence,0,,,,,
OR.PA-management-49,precursor,4,-0.083483,0.027087,-6.164,0.008594,0.0
OR.PA-management-5,precursor,5,0.060742,0.057452,2.3641,0.077314,60.0
OR.PA-management-50,consequence,0,,,,,
OR.PA-management-51,consequence,0,,,,,
OR.PA-management-52,precursor,4,0.055991,0.102012,1.0977,0.352527,75.0
OR.PA-management-53,consequence,0,,,,,
OR.PA-management-54,consequence,0,,,,,
OR.PA-management-55,precursor,1,0.06015901583047638,,,,1.0
OR.PA-management-56,precursor,5,0.054768,0.037362,3.2778,0.030563,80.0
OR.PA-management-57,precursor,1,-0.040096011924299374,,,,0.0
OR.PA-management-58,consequence,0,,,,,
OR.PA-management-59,precursor,2,0.026336,0.040346,0.9231,0.525435,50.0
OR.PA-management-6,consequence,0,,,,,
OR.PA-management-60,precursor,4,-0.002194,0.072935,-0.0602,0.955816,50.0
OR.PA-management-61,precursor,2,-0.040096,0.0,0.0,1.0,0.0
OR.PA-management-62,consequence,0,,,,,
OR.PA-management-63,consequence,0,,,,,
OR.PA-management-64,consequence,0,,,,,
OR.PA-management-65,consequence,0,,,,,
OR.PA-management-66,consequence,0,,,,,
OR.PA-management-67,consequence,0,,,,,
OR.PA-management-68,consequence,0,,,,,
OR.PA-management-69,consequence,0,,,,,
OR.PA-management-7,consequence,0,,,,,
OR.PA-management-70,consequence,0,,,,,
OR.PA-management-71,precursor,2,0.007385,0.067148,0.1555,0.901775,50.0
OR.PA-management-72,consequence,0,,,,,
OR.PA-management-73,consequence,0,,,,,
OR.PA-management-74,precursor,1,-0.08439230818506889,,,,0.0
OR.PA-management-75,consequence,0,,,,,
OR.PA-management-76,consequence,0,,,,,
OR.PA-management-77,precursor,1,0.10269944054017395,,,,1.0
OR.PA-management-78,precursor,1,-0.08439230818506889,,,,0.0
OR.PA-management-79,consequence,0,,,,,
OR.PA-management-8,precursor,9,0.04272,0.036735,3.4888,0.008213,66.7
OR.PA-management-80,precursor,2,0.056588,0.002437,32.8448,0.019377,100.0
OR.PA-management-81,precursor,3,0.039386,0.074598,0.9145,0.457001,66.7
OR.PA-management-82,precursor,1,-0.08439230818506889,,,,0.0
OR.PA-management-83,precursor,4,0.043256,0.061399,1.409,0.253598,75.0
OR.PA-management-84,precursor,3,0.09429,0.0,9608642341283468.0,0.0,100.0
OR.PA-management-85,precursor,3,-0.097026,0.0,-9887435806340680.0,0.0,0.0
OR.PA-management-86,consequence,0,,,,,
OR.PA-management-87,precursor,2,-0.119677,0.108647,-1.5578,0.363309,0.0
OR.PA-management-88,consequence,0,,,,,
OR.PA-management-89,consequence,0,,,,,
OR.PA-management-9,consequence,0,,,,,
OR.PA-management-90,consequence,0,,,,,
OR.PA-management-91,precursor,3,0.070473,0.0,0.0,1.0,100.0
OR.PA-management-92,consequence,0,,,,,
OR.PA-management-93,precursor,3,0.067735,0.06056,1.9373,0.192314,66.7
OR.PA-management-94,precursor,5,0.070473,0.0,0.0,1.0,100.0
OR.PA-management-95,consequence,0,,,,,
OR.PA-management-96,consequence,0,,,,,
OR.PA-management-97,precursor,2,-0.042852,0.0,0.0,1.0,0.0
OR.PA-management-98,consequence,0,,,,,
OR.PA-management-99,precursor,3,0.078412,0.013751,9.8768,0.010096,100.0
OR.PA-management-noise-1,consequence,0,,,,,
OR.PA-management-noise-10,precursor,1,-0.08439230818506889,,,,0.0
OR.PA-management-noise-100,precursor,1,-0.0428522253448423,,,,0.0
OR.PA-management-noise-101,precursor,1,-0.0428522253448423,,,,0.0
OR.PA-management-noise-102,precursor,1,-0.0428522253448423,,,,0.0
OR.PA-management-noise-103,precursor,1,-0.0428522253448423,,,,0.0
OR.PA-management-noise-104,precursor,1,-0.0428522253448423,,,,0.0
OR.PA-management-noise-105,precursor,1,-0.0428522253448423,,,,0.0
OR.PA-management-noise-106,precursor,1,-0.0428522253448423,,,,0.0
OR.PA-management-noise-107,precursor,1,-0.0428522253448423,,,,0.0
OR.PA-management-noise-108,precursor,1,-0.0428522253448423,,,,0.0
OR.PA-management-noise-109,precursor,1,-0.0428522253448423,,,,0.0
OR.PA-management-noise-11,consequence,0,,,,,
OR.PA-management-noise-110,precursor,1,-0.0428522253448423,,,,0.0
OR.PA-management-noise-111,consequence,0,,,,,
OR.PA-management-noise-112,consequence,0,,,,,
OR.PA-management-noise-113,precursor,1,-0.19650233067618864,,,,0.0
OR.PA-management-noise-114,consequence,0,,,,,
OR.PA-management-noise-115,consequence,0,,,,,
OR.PA-management-noise-116,consequence,0,,,,,
OR.PA-management-noise-117,consequence,0,,,,,
OR.PA-management-noise-118,consequence,0,,,,,
OR.PA-management-noise-119,consequence,0,,,,,
OR.PA-management-noise-12,consequence,0,,,,,
OR.PA-management-noise-120,precursor,1,-0.19650233067618864,,,,0.0
OR.PA-management-noise-121,consequence,0,,,,,
OR.PA-management-noise-122,consequence,0,,,,,
OR.PA-management-noise-123,consequence,0,,,,,
OR.PA-management-noise-124,consequence,0,,,,,
OR.PA-management-noise-125,consequence,0,,,,,
OR.PA-management-noise-126,consequence,0,,,,,
OR.PA-management-noise-127,consequence,0,,,,,
OR.PA-management-noise-128,consequence,0,,,,,
OR.PA-management-noise-129,consequence,0,,,,,
OR.PA-management-noise-13,consequence,0,,,,,
OR.PA-management-noise-130,consequence,0,,,,,
OR.PA-management-noise-131,consequence,0,,,,,
OR.PA-management-noise-132,consequence,0,,,,,
OR.PA-management-noise-133,consequence,0,,,,,
OR.PA-management-noise-134,consequence,0,,,,,
OR.PA-management-noise-135,consequence,0,,,,,
OR.PA-management-noise-136,consequence,0,,,,,
OR.PA-management-noise-137,consequence,0,,,,,
OR.PA-management-noise-138,consequence,0,,,,,
OR.PA-management-noise-139,consequence,0,,,,,
OR.PA-management-noise-14,consequence,0,,,,,
OR.PA-management-noise-140,consequence,0,,,,,
OR.PA-management-noise-141,consequence,0,,,,,
OR.PA-management-noise-142,precursor,1,0.06015901583047638,,,,1.0
OR.PA-management-noise-143,consequence,0,,,,,
OR.PA-management-noise-144,consequence,0,,,,,
OR.PA-management-noise-145,consequence,0,,,,,
OR.PA-management-noise-146,consequence,0,,,,,
OR.PA-management-noise-147,consequence,0,,,,,
OR.PA-management-noise-148,consequence,0,,,,,
OR.PA-management-noise-149,consequence,0,,,,,
OR.PA-management-noise-15,precursor,1,-0.08439230818506889,,,,0.0
OR.PA-management-noise-150,consequence,0,,,,,
OR.PA-management-noise-151,consequence,0,,,,,
OR.PA-management-noise-152,consequence,0,,,,,
OR.PA-management-noise-153,consequence,0,,,,,
OR.PA-management-noise-154,consequence,0,,,,,
OR.PA-management-noise-155,consequence,0,,,,,
OR.PA-management-noise-156,consequence,0,,,,,
OR.PA-management-noise-157,consequence,0,,,,,
OR.PA-management-noise-158,consequence,0,,,,,
OR.PA-management-noise-159,precursor,1,0.06015901583047638,,,,1.0
OR.PA-management-noise-16,precursor,1,-0.08439230818506889,,,,0.0
OR.PA-management-noise-160,precursor,1,0.06015901583047638,,,,1.0
OR.PA-management-noise-161,precursor,1,0.06015901583047638,,,,1.0
OR.PA-management-noise-162,consequence,0,,,,,
OR.PA-management-noise-163,consequence,0,,,,,
OR.PA-management-noise-164,precursor,1,0.06015901583047638,,,,1.0
OR.PA-management-noise-165,precursor,1,0.06015901583047638,,,,1.0
OR.PA-management-noise-166,precursor,1,0.06015901583047638,,,,1.0
OR.PA-management-noise-167,consequence,0,,,,,
OR.PA-management-noise-168,consequence,0,,,,,
OR.PA-management-noise-169,consequence,0,,,,,
OR.PA-management-noise-17,precursor,1,-0.08439230818506889,,,,0.0
OR.PA-management-noise-170,consequence,0,,,,,
OR.PA-management-noise-171,consequence,0,,,,,
OR.PA-management-noise-172,consequence,0,,,,,
OR.PA-management-noise-173,consequence,0,,,,,
OR.PA-management-noise-174,consequence,0,,,,,
OR.PA-management-noise-175,consequence,0,,,,,
OR.PA-management-noise-176,consequence,0,,,,,
OR.PA-management-noise-177,consequence,0,,,,,
OR.PA-management-noise-178,consequence,0,,,,,
OR.PA-management-noise-179,consequence,0,,,,,
OR.PA-management-noise-18,precursor,1,-0.08439230818506889,,,,0.0
OR.PA-management-noise-180,consequence,0,,,,,
OR.PA-management-noise-181,consequence,0,,,,,
OR.PA-management-noise-182,consequence,0,,,,,
OR.PA-management-noise-183,precursor,1,0.05831094541365859,,,,1.0
OR.PA-management-noise-184,consequence,0,,,,,
OR.PA-management-noise-185,consequence,0,,,,,
OR.PA-management-noise-186,consequence,0,,,,,
OR.PA-management-noise-187,consequence,0,,,,,
OR.PA-management-noise-188,consequence,0,,,,,
OR.PA-management-noise-189,consequence,0,,,,,
OR.PA-management-noise-19,precursor,1,-0.08439230818506889,,,,0.0
OR.PA-management-noise-190,consequence,0,,,,,
OR.PA-management-noise-191,precursor,1,0.05831094541365859,,,,1.0
OR.PA-management-noise-192,consequence,0,,,,,
OR.PA-management-noise-193,consequence,0,,,,,
OR.PA-management-noise-194,consequence,0,,,,,
OR.PA-management-noise-195,consequence,0,,,,,
OR.PA-management-noise-196,consequence,0,,,,,
OR.PA-management-noise-197,consequence,0,,,,,
OR.PA-management-noise-198,precursor,1,0.05831094541365859,,,,1.0
OR.PA-management-noise-199,consequence,0,,,,,
OR.PA-management-noise-2,consequence,0,,,,,
OR.PA-management-noise-20,consequence,0,,,,,
OR.PA-management-noise-200,consequence,0,,,,,
OR.PA-management-noise-201,consequence,0,,,,,
OR.PA-management-noise-202,consequence,0,,,,,
OR.PA-management-noise-203,consequence,0,,,,,
OR.PA-management-noise-204,consequence,0,,,,,
OR.PA-management-noise-205,consequence,0,,,,,
OR.PA-management-noise-206,consequence,0,,,,,
OR.PA-management-noise-207,consequence,0,,,,,
OR.PA-management-noise-208,consequence,0,,,,,
OR.PA-management-noise-209,consequence,0,,,,,
OR.PA-management-noise-21,consequence,0,,,,,
OR.PA-management-noise-210,consequence,0,,,,,
OR.PA-management-noise-211,precursor,1,0.05831094541365859,,,,1.0
OR.PA-management-noise-212,consequence,0,,,,,
OR.PA-management-noise-213,consequence,0,,,,,
OR.PA-management-noise-214,consequence,0,,,,,
OR.PA-management-noise-215,precursor,1,0.05831094541365859,,,,1.0
OR.PA-management-noise-216,precursor,1,0.05831094541365859,,,,1.0
OR.PA-management-noise-217,consequence,0,,,,,
OR.PA-management-noise-218,consequence,0,,,,,
OR.PA-management-noise-219,consequence,0,,,,,
OR.PA-management-noise-22,consequence,0,,,,,
OR.PA-management-noise-220,consequence,0,,,,,
OR.PA-management-noise-221,consequence,0,,,,,
OR.PA-management-noise-222,precursor,1,0.07047318874610306,,,,1.0
OR.PA-management-noise-223,precursor,1,0.07047318874610306,,,,1.0
OR.PA-management-noise-224,consequence,0,,,,,
OR.PA-management-noise-225,consequence,0,,,,,
OR.PA-management-noise-226,precursor,1,0.07047318874610306,,,,1.0
OR.PA-management-noise-227,consequence,0,,,,,
OR.PA-management-noise-228,precursor,1,0.07047318874610306,,,,1.0
OR.PA-management-noise-229,consequence,0,,,,,
OR.PA-management-noise-23,consequence,0,,,,,
OR.PA-management-noise-230,precursor,1,0.07047318874610306,,,,1.0
OR.PA-management-noise-231,consequence,0,,,,,
OR.PA-management-noise-232,precursor,1,0.07047318874610306,,,,1.0
OR.PA-management-noise-233,precursor,1,0.07047318874610306,,,,1.0
OR.PA-management-noise-234,consequence,0,,,,,
OR.PA-management-noise-235,consequence,0,,,,,
OR.PA-management-noise-236,consequence,0,,,,,
OR.PA-management-noise-237,precursor,1,0.07047318874610306,,,,1.0
OR.PA-management-noise-238,precursor,1,0.07047318874610306,,,,1.0
OR.PA-management-noise-239,precursor,1,0.07047318874610306,,,,1.0
OR.PA-management-noise-24,consequence,0,,,,,
OR.PA-management-noise-240,precursor,1,0.07047318874610306,,,,1.0
OR.PA-management-noise-241,precursor,1,0.07047318874610306,,,,1.0
OR.PA-management-noise-242,precursor,1,0.07047318874610306,,,,1.0
OR.PA-management-noise-243,consequence,0,,,,,
OR.PA-management-noise-244,precursor,1,0.07047318874610306,,,,1.0
OR.PA-management-noise-245,consequence,0,,,,,
OR.PA-management-noise-246,consequence,0,,,,,
OR.PA-management-noise-247,precursor,1,0.07047318874610306,,,,1.0
OR.PA-management-noise-248,consequence,0,,,,,
OR.PA-management-noise-249,precursor,1,0.07047318874610306,,,,1.0
OR.PA-management-noise-25,consequence,0,,,,,
OR.PA-management-noise-250,precursor,1,0.07047318874610306,,,,1.0
OR.PA-management-noise-251,precursor,1,0.07047318874610306,,,,1.0
OR.PA-management-noise-252,precursor,1,0.07047318874610306,,,,1.0
OR.PA-management-noise-253,precursor,1,0.07047318874610306,,,,1.0
OR.PA-management-noise-254,precursor,1,0.07047318874610306,,,,1.0
OR.PA-management-noise-255,precursor,1,0.07047318874610306,,,,1.0
OR.PA-management-noise-256,precursor,1,0.07047318874610306,,,,1.0
OR.PA-management-noise-257,precursor,1,0.07047318874610306,,,,1.0
OR.PA-management-noise-258,consequence,0,,,,,
OR.PA-management-noise-259,precursor,1,0.07047318874610306,,,,1.0
OR.PA-management-noise-26,consequence,0,,,,,
OR.PA-management-noise-260,precursor,1,0.07047318874610306,,,,1.0
OR.PA-management-noise-261,precursor,1,0.07047318874610306,,,,1.0
OR.PA-management-noise-262,consequence,0,,,,,
OR.PA-management-noise-263,precursor,1,0.07047318874610306,,,,1.0
OR.PA-management-noise-264,precursor,1,0.07047318874610306,,,,1.0
OR.PA-management-noise-265,precursor,1,0.07047318874610306,,,,1.0
OR.PA-management-noise-266,precursor,1,0.07047318874610306,,,,1.0
OR.PA-management-noise-267,precursor,1,0.07047318874610306,,,,1.0
OR.PA-management-noise-268,precursor,1,0.07047318874610306,,,,1.0
OR.PA-management-noise-269,precursor,1,0.07047318874610306,,,,1.0
OR.PA-management-noise-27,consequence,0,,,,,
OR.PA-management-noise-270,precursor,1,0.07047318874610306,,,,1.0
OR.PA-management-noise-271,precursor,1,0.07047318874610306,,,,1.0
OR.PA-management-noise-272,precursor,1,0.07047318874610306,,,,1.0
OR.PA-management-noise-273,precursor,1,0.07047318874610306,,,,1.0
OR.PA-management-noise-274,precursor,1,0.07047318874610306,,,,1.0
OR.PA-management-noise-275,precursor,1,0.07047318874610306,,,,1.0
OR.PA-management-noise-276,precursor,1,0.07047318874610306,,,,1.0
OR.PA-management-noise-277,precursor,1,0.07047318874610306,,,,1.0
OR.PA-management-noise-278,precursor,1,0.07047318874610306,,,,1.0
OR.PA-management-noise-279,precursor,1,0.07047318874610306,,,,1.0
OR.PA-management-noise-28,consequence,0,,,,,
OR.PA-management-noise-280,precursor,1,0.07047318874610306,,,,1.0
OR.PA-management-noise-281,precursor,1,0.07047318874610306,,,,1.0
OR.PA-management-noise-282,precursor,1,0.07047318874610306,,,,1.0
OR.PA-management-noise-283,precursor,1,0.07047318874610306,,,,1.0
OR.PA-management-noise-284,consequence,0,,,,,
OR.PA-management-noise-285,consequence,0,,,,,
OR.PA-management-noise-286,consequence,0,,,,,
OR.PA-management-noise-287,consequence,0,,,,,
OR.PA-management-noise-288,consequence,0,,,,,
OR.PA-management-noise-289,consequence,0,,,,,
OR.PA-management-noise-29,consequence,0,,,,,
OR.PA-management-noise-290,consequence,0,,,,,
OR.PA-management-noise-291,consequence,0,,,,,
OR.PA-management-noise-292,consequence,0,,,,,
OR.PA-management-noise-293,consequence,0,,,,,
OR.PA-management-noise-294,consequence,0,,,,,
OR.PA-management-noise-295,consequence,0,,,,,
OR.PA-management-noise-296,consequence,0,,,,,
OR.PA-management-noise-297,consequence,0,,,,,
OR.PA-management-noise-298,consequence,0,,,,,
OR.PA-management-noise-299,consequence,0,,,,,
OR.PA-management-noise-3,precursor,1,-0.08439230818506889,,,,0.0
OR.PA-management-noise-30,consequence,0,,,,,
OR.PA-management-noise-300,consequence,0,,,,,
OR.PA-management-noise-301,consequence,0,,,,,
OR.PA-management-noise-302,consequence,0,,,,,
OR.PA-management-noise-303,consequence,0,,,,,
OR.PA-management-noise-304,consequence,0,,,,,
OR.PA-management-noise-305,consequence,0,,,,,
OR.PA-management-noise-306,consequence,0,,,,,
OR.PA-management-noise-307,consequence,0,,,,,
OR.PA-management-noise-308,consequence,0,,,,,
OR.PA-management-noise-309,precursor,1,-0.022147084205738785,,,,0.0
OR.PA-management-noise-31,consequence,0,,,,,
OR.PA-management-noise-310,precursor,1,-0.022147084205738785,,,,0.0
OR.PA-management-noise-311,precursor,1,-0.022147084205738785,,,,0.0
OR.PA-management-noise-312,precursor,1,-0.022147084205738785,,,,0.0
OR.PA-management-noise-313,precursor,1,-0.022147084205738785,,,,0.0
OR.PA-management-noise-314,precursor,1,-0.022147084205738785,,,,0.0
OR.PA-management-noise-315,precursor,1,-0.022147084205738785,,,,0.0
OR.PA-management-noise-316,precursor,1,-0.022147084205738785,,,,0.0
OR.PA-management-noise-317,precursor,1,-0.022147084205738785,,,,0.0
OR.PA-management-noise-318,precursor,1,-0.022147084205738785,,,,0.0
OR.PA-management-noise-319,precursor,1,-0.022147084205738785,,,,0.0
OR.PA-management-noise-32,precursor,1,0.09750024386167838,,,,1.0
OR.PA-management-noise-320,consequence,0,,,,,
OR.PA-management-noise-321,consequence,0,,,,,
OR.PA-management-noise-322,precursor,1,-0.022147084205738785,,,,0.0
OR.PA-management-noise-323,consequence,0,,,,,
OR.PA-management-noise-324,consequence,0,,,,,
OR.PA-management-noise-325,precursor,1,-0.022147084205738785,,,,0.0
OR.PA-management-noise-326,precursor,1,-0.022147084205738785,,,,0.0
OR.PA-management-noise-327,consequence,0,,,,,
OR.PA-management-noise-328,precursor,1,-0.022147084205738785,,,,0.0
OR.PA-management-noise-329,precursor,1,-0.022147084205738785,,,,0.0
OR.PA-management-noise-33,precursor,1,0.09750024386167838,,,,1.0
OR.PA-management-noise-330,consequence,0,,,,,
OR.PA-management-noise-331,consequence,0,,,,,
OR.PA-management-noise-332,consequence,0,,,,,
OR.PA-management-noise-333,consequence,0,,,,,
OR.PA-management-noise-334,consequence,0,,,,,
OR.PA-management-noise-335,consequence,0,,,,,
OR.PA-management-noise-336,consequence,0,,,,,
OR.PA-management-noise-337,consequence,0,,,,,
OR.PA-management-noise-338,consequence,0,,,,,
OR.PA-management-noise-339,consequence,0,,,,,
OR.PA-management-noise-34,precursor,1,0.09750024386167838,,,,1.0
OR.PA-management-noise-340,consequence,0,,,,,
OR.PA-management-noise-341,consequence,0,,,,,
OR.PA-management-noise-342,consequence,0,,,,,
OR.PA-management-noise-343,consequence,0,,,,,
OR.PA-management-noise-344,consequence,0,,,,,
OR.PA-management-noise-345,consequence,0,,,,,
OR.PA-management-noise-346,consequence,0,,,,,
OR.PA-management-noise-347,precursor,1,-0.022147084205738785,,,,0.0
OR.PA-management-noise-348,precursor,1,-0.022147084205738785,,,,0.0
OR.PA-management-noise-349,consequence,0,,,,,
OR.PA-management-noise-35,precursor,1,0.09750024386167838,,,,1.0
OR.PA-management-noise-350,consequence,0,,,,,
OR.PA-management-noise-351,consequence,0,,,,,
OR.PA-management-noise-352,consequence,0,,,,,
OR.PA-management-noise-353,precursor,1,-0.040096011924299374,,,,0.0
OR.PA-management-noise-354,precursor,1,-0.040096011924299374,,,,0.0
OR.PA-management-noise-355,precursor,1,-0.040096011924299374,,,,0.0
OR.PA-management-noise-356,precursor,1,-0.040096011924299374,,,,0.0
OR.PA-management-noise-357,precursor,1,-0.040096011924299374,,,,0.0
OR.PA-management-noise-358,consequence,0,,,,,
OR.PA-management-noise-359,consequence,0,,,,,
OR.PA-management-noise-36,consequence,0,,,,,
OR.PA-management-noise-360,consequence,0,,,,,
OR.PA-management-noise-361,precursor,1,-0.040096011924299374,,,,0.0
OR.PA-management-noise-362,consequence,0,,,,,
OR.PA-management-noise-363,consequence,0,,,,,
OR.PA-management-noise-364,consequence,0,,,,,
OR.PA-management-noise-365,consequence,0,,,,,
OR.PA-management-noise-366,consequence,0,,,,,
OR.PA-management-noise-367,precursor,1,-0.040096011924299374,,,,0.0
OR.PA-management-noise-368,precursor,1,-0.040096011924299374,,,,0.0
OR.PA-management-noise-369,precursor,1,-0.040096011924299374,,,,0.0
OR.PA-management-noise-37,consequence,0,,,,,
OR.PA-management-noise-370,precursor,1,-0.040096011924299374,,,,0.0
OR.PA-management-noise-371,precursor,1,-0.040096011924299374,,,,0.0
OR.PA-management-noise-372,precursor,1,-0.040096011924299374,,,,0.0
OR.PA-management-noise-373,consequence,0,,,,,
OR.PA-management-noise-374,precursor,1,-0.040096011924299374,,,,0.0
OR.PA-management-noise-375,precursor,1,-0.040096011924299374,,,,0.0
OR.PA-management-noise-376,precursor,1,-0.040096011924299374,,,,0.0
OR.PA-management-noise-377,precursor,1,-0.040096011924299374,,,,0.0
OR.PA-management-noise-378,consequence,0,,,,,
OR.PA-management-noise-379,precursor,1,-0.040096011924299374,,,,0.0
OR.PA-management-noise-38,consequence,0,,,,,
OR.PA-management-noise-380,consequence,0,,,,,
OR.PA-management-noise-381,consequence,0,,,,,
OR.PA-management-noise-382,consequence,0,,,,,
OR.PA-management-noise-383,precursor,1,0.054865165802146565,,,,1.0
OR.PA-management-noise-384,consequence,0,,,,,
OR.PA-management-noise-385,consequence,0,,,,,
OR.PA-management-noise-386,consequence,0,,,,,
OR.PA-management-noise-387,consequence,0,,,,,
OR.PA-management-noise-388,precursor,1,0.054865165802146565,,,,1.0
OR.PA-management-noise-389,consequence,0,,,,,
OR.PA-management-noise-39,consequence,0,,,,,
OR.PA-management-noise-390,consequence,0,,,,,
OR.PA-management-noise-391,consequence,0,,,,,
OR.PA-management-noise-392,consequence,0,,,,,
OR.PA-management-noise-393,precursor,1,0.054865165802146565,,,,1.0
OR.PA-management-noise-394,precursor,1,0.054865165802146565,,,,1.0
OR.PA-management-noise-395,precursor,1,0.054865165802146565,,,,1.0
OR.PA-management-noise-396,precursor,1,0.054865165802146565,,,,1.0
OR.PA-management-noise-397,consequence,0,,,,,
OR.PA-management-noise-398,consequence,0,,,,,
OR.PA-management-noise-399,consequence,0,,,,,
OR.PA-management-noise-4,consequence,0,,,,,
OR.PA-management-noise-40,consequence,0,,,,,
OR.PA-management-noise-400,consequence,0,,,,,
OR.PA-management-noise-401,consequence,0,,,,,
OR.PA-management-noise-402,consequence,0,,,,,
OR.PA-management-noise-403,precursor,1,0.054865165802146565,,,,1.0
OR.PA-management-noise-404,consequence,0,,,,,
OR.PA-management-noise-405,precursor,1,0.054865165802146565,,,,1.0
OR.PA-management-noise-406,precursor,1,0.054865165802146565,,,,1.0
OR.PA-management-noise-407,precursor,1,0.054865165802146565,,,,1.0
OR.PA-management-noise-408,precursor,1,0.054865165802146565,,,,1.0
OR.PA-management-noise-409,consequence,0,,,,,
OR.PA-management-noise-41,consequence,0,,,,,
OR.PA-management-noise-410,consequence,0,,,,,
OR.PA-management-noise-411,consequence,0,,,,,
OR.PA-management-noise-412,consequence,0,,,,,
OR.PA-management-noise-413,consequence,0,,,,,
OR.PA-management-noise-414,consequence,0,,,,,
OR.PA-management-noise-415,consequence,0,,,,,
OR.PA-management-noise-416,consequence,0,,,,,
OR.PA-management-noise-417,consequence,0,,,,,
OR.PA-management-noise-418,consequence,0,,,,,
OR.PA-management-noise-419,consequence,0,,,,,
OR.PA-management-noise-42,consequence,0,,,,,
OR.PA-management-noise-420,consequence,0,,,,,
OR.PA-management-noise-421,consequence,0,,,,,
OR.PA-management-noise-422,precursor,1,-0.002193229473030493,,,,0.0
OR.PA-management-noise-423,precursor,1,-0.002193229473030493,,,,0.0
OR.PA-management-noise-424,consequence,0,,,,,
OR.PA-management-noise-425,consequence,0,,,,,
OR.PA-management-noise-426,consequence,0,,,,,
OR.PA-management-noise-427,precursor,1,-0.002193229473030493,,,,0.0
OR.PA-management-noise-428,consequence,0,,,,,
OR.PA-management-noise-429,consequence,0,,,,,
OR.PA-management-noise-43,consequence,0,,,,,
OR.PA-management-noise-430,consequence,0,,,,,
OR.PA-management-noise-431,precursor,1,-0.002193229473030493,,,,0.0
OR.PA-management-noise-432,precursor,1,-0.002193229473030493,,,,0.0
OR.PA-management-noise-433,consequence,0,,,,,
OR.PA-management-noise-434,consequence,0,,,,,
OR.PA-management-noise-435,consequence,0,,,,,
OR.PA-management-noise-436,consequence,0,,,,,
OR.PA-management-noise-437,consequence,0,,,,,
OR.PA-management-noise-438,consequence,0,,,,,
OR.PA-management-noise-439,consequence,0,,,,,
OR.PA-management-noise-44,consequence,0,,,,,
OR.PA-management-noise-440,consequence,0,,,,,
OR.PA-management-noise-441,consequence,0,,,,,
OR.PA-management-noise-442,consequence,0,,,,,
OR.PA-management-noise-443,consequence,0,,,,,
OR.PA-management-noise-444,consequence,0,,,,,
OR.PA-management-noise-445,consequence,0,,,,,
OR.PA-management-noise-446,precursor,1,-0.002193229473030493,,,,0.0
OR.PA-management-noise-447,precursor,1,-0.002193229473030493,,,,0.0
OR.PA-management-noise-448,precursor,1,-0.002193229473030493,,,,0.0
OR.PA-management-noise-449,consequence,0,,,,,
OR.PA-management-noise-45,consequence,0,,,,,
OR.PA-management-noise-450,consequence,0,,,,,
OR.PA-management-noise-451,consequence,0,,,,,
OR.PA-management-noise-452,consequence,0,,,,,
OR.PA-management-noise-453,consequence,0,,,,,
OR.PA-management-noise-454,precursor,1,-0.002193229473030493,,,,0.0
OR.PA-management-noise-455,precursor,1,-0.002193229473030493,,,,0.0
OR.PA-management-noise-456,precursor,1,-0.002193229473030493,,,,0.0
OR.PA-management-noise-457,precursor,1,-0.002193229473030493,,,,0.0
OR.PA-management-noise-458,consequence,0,,,,,
OR.PA-management-noise-459,consequence,0,,,,,
OR.PA-management-noise-46,consequence,0,,,,,
OR.PA-management-noise-460,consequence,0,,,,,
OR.PA-management-noise-461,consequence,0,,,,,
OR.PA-management-noise-462,consequence,0,,,,,
OR.PA-management-noise-463,consequence,0,,,,,
OR.PA-management-noise-464,precursor,1,0.031660874687141474,,,,1.0
OR.PA-management-noise-465,precursor,1,0.031660874687141474,,,,1.0
OR.PA-management-noise-466,consequence,0,,,,,
OR.PA-management-noise-467,consequence,0,,,,,
OR.PA-management-noise-468,precursor,1,0.031660874687141474,,,,1.0
OR.PA-management-noise-469,precursor,1,0.031660874687141474,,,,1.0
OR.PA-management-noise-47,consequence,0,,,,,
OR.PA-management-noise-470,precursor,1,0.031660874687141474,,,,1.0
OR.PA-management-noise-471,precursor,1,0.031660874687141474,,,,1.0
OR.PA-management-noise-472,precursor,1,0.031660874687141474,,,,1.0
OR.PA-management-noise-473,precursor,1,0.031660874687141474,,,,1.0
OR.PA-management-noise-474,precursor,1,0.031660874687141474,,,,1.0
OR.PA-management-noise-475,consequence,0,,,,,
OR.PA-management-noise-476,precursor,1,0.031660874687141474,,,,1.0
OR.PA-management-noise-477,precursor,1,0.031660874687141474,,,,1.0
OR.PA-management-noise-478,precursor,1,0.031660874687141474,,,,1.0
OR.PA-management-noise-479,precursor,1,0.031660874687141474,,,,1.0
OR.PA-management-noise-48,consequence,0,,,,,
OR.PA-management-noise-480,precursor,1,0.031660874687141474,,,,1.0
OR.PA-management-noise-481,precursor,1,0.031660874687141474,,,,1.0
OR.PA-management-noise-482,precursor,1,0.031660874687141474,,,,1.0
OR.PA-management-noise-483,precursor,1,0.031660874687141474,,,,1.0
OR.PA-management-noise-484,consequence,0,,,,,
OR.PA-management-noise-485,consequence,0,,,,,
OR.PA-management-noise-486,consequence,0,,,,,
OR.PA-management-noise-487,precursor,1,0.10269944054017395,,,,1.0
OR.PA-management-noise-488,precursor,1,0.10269944054017395,,,,1.0
OR.PA-management-noise-489,consequence,0,,,,,
OR.PA-management-noise-49,consequence,0,,,,,
OR.PA-management-noise-490,consequence,0,,,,,
OR.PA-management-noise-491,consequence,0,,,,,
OR.PA-management-noise-492,precursor,1,0.10269944054017395,,,,1.0
OR.PA-management-noise-493,precursor,1,0.10269944054017395,,,,1.0
OR.PA-management-noise-494,precursor,1,0.10269944054017395,,,,1.0
OR.PA-management-noise-495,consequence,0,,,,,
OR.PA-management-noise-496,precursor,1,0.10269944054017395,,,,1.0
OR.PA-management-noise-497,consequence,0,,,,,
OR.PA-management-noise-498,consequence,0,,,,,
OR.PA-management-noise-499,consequence,0,,,,,
OR.PA-management-noise-5,consequence,0,,,,,
OR.PA-management-noise-50,consequence,0,,,,,
OR.PA-management-noise-500,consequence,0,,,,,
OR.PA-management-noise-501,consequence,0,,,,,
OR.PA-management-noise-502,consequence,0,,,,,
OR.PA-management-noise-503,consequence,0,,,,,
OR.PA-management-noise-504,consequence,0,,,,,
OR.PA-management-noise-505,precursor,1,0.10269944054017395,,,,1.0
OR.PA-management-noise-506,precursor,1,0.10269944054017395,,,,1.0
OR.PA-management-noise-507,consequence,0,,,,,
OR.PA-management-noise-508,consequence,0,,,,,
OR.PA-management-noise-509,consequence,0,,,,,
OR.PA-management-noise-51,consequence,0,,,,,
OR.PA-management-noise-510,consequence,0,,,,,
OR.PA-management-noise-511,consequence,0,,,,,
OR.PA-management-noise-512,consequence,0,,,,,
OR.PA-management-noise-513,consequence,0,,,,,
OR.PA-management-noise-514,consequence,0,,,,,
OR.PA-management-noise-515,precursor,1,0.10269944054017395,,,,1.0
OR.PA-management-noise-516,precursor,1,0.10269944054017395,,,,1.0
OR.PA-management-noise-517,precursor,1,0.10269944054017395,,,,1.0
OR.PA-management-noise-518,precursor,1,0.10269944054017395,,,,1.0
OR.PA-management-noise-519,precursor,1,0.10269944054017395,,,,1.0
OR.PA-management-noise-52,consequence,0,,,,,
OR.PA-management-noise-520,precursor,1,0.10269944054017395,,,,1.0
OR.PA-management-noise-521,consequence,0,,,,,
OR.PA-management-noise-522,precursor,1,0.10269944054017395,,,,1.0
OR.PA-management-noise-523,precursor,1,0.10269944054017395,,,,1.0
OR.PA-management-noise-524,precursor,1,0.10269944054017395,,,,1.0
OR.PA-management-noise-525,consequence,0,,,,,
OR.PA-management-noise-526,precursor,1,0.09429035548899242,,,,1.0
OR.PA-management-noise-527,precursor,1,0.09429035548899242,,,,1.0
OR.PA-management-noise-528,precursor,1,0.09429035548899242,,,,1.0
OR.PA-management-noise-529,precursor,1,0.09429035548899242,,,,1.0
OR.PA-management-noise-53,consequence,0,,,,,
OR.PA-management-noise-530,consequence,0,,,,,
OR.PA-management-noise-531,consequence,0,,,,,
OR.PA-management-noise-532,precursor,1,0.09429035548899242,,,,1.0
OR.PA-management-noise-533,precursor,1,0.09429035548899242,,,,1.0
OR.PA-management-noise-534,precursor,1,0.09429035548899242,,,,1.0
OR.PA-management-noise-535,precursor,1,0.09429035548899242,,,,1.0
OR.PA-management-noise-536,precursor,1,0.09429035548899242,,,,1.0
OR.PA-management-noise-537,precursor,1,0.09429035548899242,,,,1.0
OR.PA-management-noise-538,precursor,1,0.09429035548899242,,,,1.0
OR.PA-management-noise-539,precursor,1,0.09429035548899242,,,,1.0
OR.PA-management-noise-54,consequence,0,,,,,
OR.PA-management-noise-540,consequence,0,,,,,
OR.PA-management-noise-541,consequence,0,,,,,
OR.PA-management-noise-542,consequence,0,,,,,
OR.PA-management-noise-543,consequence,0,,,,,
OR.PA-management-noise-544,consequence,0,,,,,
OR.PA-management-noise-545,precursor,1,0.09429035548899242,,,,1.0
OR.PA-management-noise-546,precursor,1,0.09429035548899242,,,,1.0
OR.PA-management-noise-547,precursor,1,0.09429035548899242,,,,1.0
OR.PA-management-noise-548,precursor,1,0.09429035548899242,,,,1.0
OR.PA-management-noise-549,precursor,1,0.09429035548899242,,,,1.0
OR.PA-management-noise-55,consequence,0,,,,,
OR.PA-management-noise-550,precursor,1,0.09429035548899242,,,,1.0
OR.PA-management-noise-551,precursor,1,0.09429035548899242,,,,1.0
OR.PA-management-noise-552,precursor,1,0.09429035548899242,,,,1.0
OR.PA-management-noise-553,precursor,1,0.09429035548899242,,,,1.0
OR.PA-management-noise-554,precursor,1,0.09429035548899242,,,,1.0
OR.PA-management-noise-555,precursor,1,0.09429035548899242,,,,1.0
OR.PA-management-noise-556,precursor,1,0.09429035548899242,,,,1.0
OR.PA-management-noise-557,precursor,1,0.09429035548899242,,,,1.0
OR.PA-management-noise-558,precursor,1,0.09429035548899242,,,,1.0
OR.PA-management-noise-559,precursor,1,0.09429035548899242,,,,1.0
OR.PA-management-noise-56,consequence,0,,,,,
OR.PA-management-noise-560,precursor,1,0.09429035548899242,,,,1.0
OR.PA-management-noise-561,precursor,1,0.09429035548899242,,,,1.0
OR.PA-management-noise-562,precursor,1,0.09429035548899242,,,,1.0
OR.PA-management-noise-563,precursor,1,0.09429035548899242,,,,1.0
OR.PA-management-noise-564,consequence,0,,,,,
OR.PA-management-noise-565,consequence,0,,,,,
OR.PA-management-noise-566,consequence,0,,,,,
OR.PA-management-noise-567,precursor,1,-0.09702617747034645,,,,0.0
OR.PA-management-noise-568,precursor,1,-0.09702617747034645,,,,0.0
OR.PA-management-noise-569,consequence,0,,,,,
OR.PA-management-noise-57,consequence,0,,,,,
OR.PA-management-noise-570,precursor,1,-0.09702617747034645,,,,0.0
OR.PA-management-noise-571,consequence,0,,,,,
OR.PA-management-noise-572,consequence,0,,,,,
OR.PA-management-noise-573,precursor,1,-0.09702617747034645,,,,0.0
OR.PA-management-noise-574,precursor,1,-0.09702617747034645,,,,0.0
OR.PA-management-noise-575,precursor,1,-0.09702617747034645,,,,0.0
OR.PA-management-noise-576,precursor,1,-0.09702617747034645,,,,0.0
OR.PA-management-noise-577,precursor,1,-0.09702617747034645,,,,0.0
OR.PA-management-noise-578,precursor,1,-0.09702617747034645,,,,0.0
OR.PA-management-noise-579,consequence,0,,,,,
OR.PA-management-noise-58,consequence,0,,,,,
OR.PA-management-noise-580,consequence,0,,,,,
OR.PA-management-noise-581,precursor,1,-0.09702617747034645,,,,0.0
OR.PA-management-noise-582,precursor,1,-0.09702617747034645,,,,0.0
OR.PA-management-noise-583,precursor,1,-0.09702617747034645,,,,0.0
OR.PA-management-noise-584,precursor,1,-0.09702617747034645,,,,0.0
OR.PA-management-noise-585,precursor,1,-0.09702617747034645,,,,0.0
OR.PA-management-noise-586,precursor,1,-0.09702617747034645,,,,0.0
OR.PA-management-noise-587,precursor,1,-0.09702617747034645,,,,0.0
OR.PA-management-noise-588,precursor,1,-0.09702617747034645,,,,0.0
OR.PA-management-noise-589,precursor,1,-0.09702617747034645,,,,0.0
OR.PA-management-noise-59,consequence,0,,,,,
OR.PA-management-noise-590,precursor,1,-0.09702617747034645,,,,0.0
OR.PA-management-noise-591,precursor,1,-0.09702617747034645,,,,0.0
OR.PA-management-noise-592,precursor,1,-0.09702617747034645,,,,0.0
OR.PA-management-noise-593,precursor,1,-0.09702617747034645,,,,0.0
OR.PA-management-noise-594,precursor,1,-0.09702617747034645,,,,0.0
OR.PA-management-noise-595,precursor,1,-0.09702617747034645,,,,0.0
OR.PA-management-noise-596,precursor,1,-0.09702617747034645,,,,0.0
OR.PA-management-noise-597,precursor,1,-0.09702617747034645,,,,0.0
OR.PA-management-noise-598,precursor,1,-0.09702617747034645,,,,0.0
OR.PA-management-noise-599,precursor,1,-0.09702617747034645,,,,0.0
OR.PA-management-noise-6,precursor,1,-0.08439230818506889,,,,0.0
OR.PA-management-noise-60,precursor,1,-0.0428522253448423,,,,0.0
OR.PA-management-noise-600,precursor,1,-0.09702617747034645,,,,0.0
OR.PA-management-noise-601,precursor,1,-0.09702617747034645,,,,0.0
OR.PA-management-noise-602,precursor,1,0.10699702035205803,,,,1.0
OR.PA-management-noise-603,consequence,0,,,,,
OR.PA-management-noise-604,consequence,0,,,,,
OR.PA-management-noise-605,precursor,1,0.10699702035205803,,,,1.0
OR.PA-management-noise-606,consequence,0,,,,,
OR.PA-management-noise-607,consequence,0,,,,,
OR.PA-management-noise-608,consequence,0,,,,,
OR.PA-management-noise-609,consequence,0,,,,,
OR.PA-management-noise-61,consequence,0,,,,,
OR.PA-management-noise-610,consequence,0,,,,,
OR.PA-management-noise-611,precursor,1,0.10699702035205803,,,,1.0
OR.PA-management-noise-612,precursor,1,0.10699702035205803,,,,1.0
OR.PA-management-noise-613,precursor,1,0.10699702035205803,,,,1.0
OR.PA-management-noise-614,precursor,1,0.10699702035205803,,,,1.0
OR.PA-management-noise-615,precursor,1,0.10699702035205803,,,,1.0
OR.PA-management-noise-616,precursor,1,0.10699702035205803,,,,1.0
OR.PA-management-noise-617,precursor,1,0.10699702035205803,,,,1.0
OR.PA-management-noise-618,precursor,1,0.10699702035205803,,,,1.0
OR.PA-management-noise-619,precursor,1,0.10699702035205803,,,,1.0
OR.PA-management-noise-62,precursor,1,-0.0428522253448423,,,,0.0
OR.PA-management-noise-620,precursor,1,0.10699702035205803,,,,1.0
OR.PA-management-noise-621,precursor,1,0.10699702035205803,,,,1.0
OR.PA-management-noise-622,precursor,1,0.10699702035205803,,,,1.0
OR.PA-management-noise-623,precursor,1,0.10699702035205803,,,,1.0
OR.PA-management-noise-624,precursor,1,0.10699702035205803,,,,1.0
OR.PA-management-noise-625,precursor,1,0.10699702035205803,,,,1.0
OR.PA-management-noise-626,precursor,1,0.10699702035205803,,,,1.0
OR.PA-management-noise-627,precursor,1,0.10699702035205803,,,,1.0
OR.PA-management-noise-628,precursor,1,0.10699702035205803,,,,1.0
OR.PA-management-noise-629,precursor,1,0.10699702035205803,,,,1.0
OR.PA-management-noise-63,consequence,0,,,,,
OR.PA-management-noise-630,precursor,1,0.10699702035205803,,,,1.0
OR.PA-management-noise-631,precursor,1,0.10699702035205803,,,,1.0
OR.PA-management-noise-632,precursor,1,0.10699702035205803,,,,1.0
OR.PA-management-noise-633,precursor,1,0.10699702035205803,,,,1.0
OR.PA-management-noise-634,precursor,1,0.10699702035205803,,,,1.0
OR.PA-management-noise-635,precursor,1,0.10699702035205803,,,,1.0
OR.PA-management-noise-636,precursor,1,0.10699702035205803,,,,1.0
OR.PA-management-noise-637,precursor,1,0.10699702035205803,,,,1.0
OR.PA-management-noise-638,precursor,1,0.10699702035205803,,,,1.0
OR.PA-management-noise-639,precursor,1,0.10699702035205803,,,,1.0
OR.PA-management-noise-64,consequence,0,,,,,
OR.PA-management-noise-640,consequence,0,,,,,
OR.PA-management-noise-641,consequence,0,,,,,
OR.PA-management-noise-642,consequence,0,,,,,
OR.PA-management-noise-643,precursor,1,0.10699702035205803,,,,1.0
OR.PA-management-noise-65,consequence,0,,,,,
OR.PA-management-noise-66,consequence,0,,,,,
OR.PA-management-noise-67,consequence,0,,,,,
OR.PA-management-noise-68,consequence,0,,,,,
OR.PA-management-noise-69,consequence,0,,,,,
OR.PA-management-noise-7,consequence,0,,,,,
OR.PA-management-noise-70,consequence,0,,,,,
OR.PA-management-noise-71,consequence,0,,,,,
OR.PA-management-noise-72,precursor,1,-0.0428522253448423,,,,0.0
OR.PA-management-noise-73,precursor,1,-0.0428522253448423,,,,0.0
OR.PA-management-noise-74,precursor,1,-0.0428522253448423,,,,0.0
OR.PA-management-noise-75,precursor,1,-0.0428522253448423,,,,0.0
OR.PA-management-noise-76,precursor,1,-0.0428522253448423,,,,0.0
OR.PA-management-noise-77,precursor,1,-0.0428522253448423,,,,0.0
OR.PA-management-noise-78,precursor,1,-0.0428522253448423,,,,0.0
OR.PA-management-noise-79,consequence,0,,,,,
OR.PA-management-noise-8,precursor,1,-0.08439230818506889,,,,0.0
OR.PA-management-noise-80,precursor,1,-0.0428522253448423,,,,0.0
OR.PA-management-noise-81,precursor,1,-0.0428522253448423,,,,0.0
OR.PA-management-noise-82,precursor,1,-0.0428522253448423,,,,0.0
OR.PA-management-noise-83,precursor,1,-0.0428522253448423,,,,0.0
OR.PA-management-noise-84,precursor,1,-0.0428522253448423,,,,0.0
OR.PA-management-noise-85,precursor,1,-0.0428522253448423,,,,0.0
OR.PA-management-noise-86,consequence,0,,,,,
OR.PA-management-noise-87,consequence,0,,,,,
OR.PA-management-noise-88,consequence,0,,,,,
OR.PA-management-noise-89,consequence,0,,,,,
OR.PA-management-noise-9,precursor,1,-0.08439230818506889,,,,0.0
OR.PA-management-noise-90,consequence,0,,,,,
OR.PA-management-noise-91,precursor,1,-0.0428522253448423,,,,0.0
OR.PA-management-noise-92,consequence,0,,,,,
OR.PA-management-noise-93,consequence,0,,,,,
OR.PA-management-noise-94,precursor,1,-0.0428522253448423,,,,0.0
OR.PA-management-noise-95,precursor,1,-0.0428522253448423,,,,0.0
OR.PA-management-noise-96,precursor,1,-0.0428522253448423,,,,0.0
OR.PA-management-noise-97,precursor,1,-0.0428522253448423,,,,0.0
OR.PA-management-noise-98,precursor,1,-0.0428522253448423,,,,0.0
OR.PA-management-noise-99,precursor,1,-0.0428522253448423,,,,0.0
OR.PA-press-0,precursor,4,-0.074577,0.0,0.0,1.0,0.0
OR.PA-press-1,precursor,1,-0.07457694921434165,,,,0.0
OR.PA-press-10,precursor,2,0.093421,0.0,0.0,1.0,100.0
OR.PA-press-100,consequence,0,,,,,
OR.PA-press-101,precursor,3,-0.068068,0.066784,-1.7653,0.219551,0.0
OR.PA-press-102,consequence,0,,,,,
OR.PA-press-103,precursor,2,0.039085,0.024697,2.2382,0.267499,100.0
OR.PA-press-104,consequence,0,,,,,
OR.PA-press-105,consequence,0,,,,,
OR.PA-press-106,precursor,1,-0.0414434422031445,,,,0.0
OR.PA-press-107,precursor,4,0.056525,0.008437,13.3996,0.000899,100.0
OR.PA-press-108,consequence,0,,,,,
OR.PA-press-109,consequence,0,,,,,
OR.PA-press-11,consequence,0,,,,,
OR.PA-press-110,consequence,0,,,,,
OR.PA-press-111,precursor,4,-0.059102,0.036686,-3.2221,0.048508,0.0
OR.PA-press-112,consequence,0,,,,,
OR.PA-press-113,precursor,1,0.07796567006150386,,,,1.0
OR.PA-press-12,precursor,4,0.066085,0.0,0.0,1.0,100.0
OR.PA-press-13,precursor,3,0.070045,0.00686,17.6865,0.003182,100.0
OR.PA-press-14,precursor,1,-0.049574142163489585,,,,0.0
OR.PA-press-15,precursor,3,0.033761,0.074241,0.7876,0.513426,66.7
OR.PA-press-16,precursor,3,0.074193,0.006535,19.6638,0.002576,100.0
OR.PA-press-17,consequence,0,,,,,
OR.PA-press-18,consequence,0,,,,,
OR.PA-press-19,precursor,3,0.039077,0.0,0.0,1.0,100.0
OR.PA-press-2,consequence,0,,,,,
OR.PA-press-20,precursor,2,0.012256,0.0,0.0,1.0,100.0
OR.PA-press-21,consequence,0,,,,,
OR.PA-press-22,precursor,4,0.027176,0.045046,1.2066,0.314062,50.0
OR.PA-press-23,consequence,0,,,,,
OR.PA-press-24,precursor,4,0.030354,0.017463,3.4763,0.040162,100.0
OR.PA-press-25,precursor,3,0.003023,0.10158,0.0515,0.963578,66.7
OR.PA-press-26,consequence,0,,,,,
OR.PA-press-27,consequence,0,,,,,
OR.PA-press-28,precursor,2,0.066085,0.0,0.0,1.0,100.0
OR.PA-press-29,precursor,1,0.06608457404171313,,,,1.0
OR.PA-press-3,consequence,0,,,,,
OR.PA-press-30,consequence,0,,,,,
OR.PA-press-31,precursor,5,-0.006791,0.060626,-0.2505,0.814568,20.0
OR.PA-press-32,consequence,0,,,,,
OR.PA-press-33,precursor,3,0.109252,0.0,1.113334931821654e+16,0.0,100.0
OR.PA-press-34,precursor,3,0.003023,0.10158,0.0515,0.963578,66.7
OR.PA-press-35,precursor,5,-0.011971,0.054175,-0.4941,0.647128,80.0
OR.PA-press-36,precursor,3,0.074193,0.006535,19.6638,0.002576,100.0
OR.PA-press-37,consequence,0,,,,,
OR.PA-press-38,precursor,2,-0.094024,0.0,0.0,1.0,0.0
OR.PA-press-39,consequence,0,,,,,
OR.PA-press-4,precursor,1,0.04287346480480309,,,,1.0
OR.PA-press-40,consequence,0,,,,,
OR.PA-press-41,precursor,2,-0.030668,0.0,0.0,1.0,0.0
OR.PA-press-42,precursor,3,-0.02951,0.0,0.0,1.0,0.0
OR.PA-press-43,consequence,0,,,,,
OR.PA-press-44,precursor,1,-0.0414867972487228,,,,0.0
OR.PA-press-45,precursor,2,0.039077,0.0,0.0,1.0,100.0
OR.PA-press-46,consequence,0,,,,,
OR.PA-press-47,consequence,0,,,,,
OR.PA-press-48,precursor,3,0.109252,0.0,1.113334931821654e+16,0.0,100.0
OR.PA-press-49,precursor,3,0.109252,0.0,1.113334931821654e+16,0.0,100.0
OR.PA-press-5,precursor,3,0.109252,0.0,1.113334931821654e+16,0.0,100.0
OR.PA-press-50,consequence,0,,,,,
OR.PA-press-51,precursor,4,0.01061,0.005715,3.7132,0.033966,100.0
OR.PA-press-52,consequence,0,,,,,
OR.PA-press-53,precursor,4,0.026937,0.034019,1.5836,0.211449,100.0
OR.PA-press-54,consequence,0,,,,,
OR.PA-press-55,precursor,4,0.093822,0.03086,6.0805,0.008931,100.0
OR.PA-press-56,precursor,3,0.083452,0.028576,5.0582,0.036933,100.0
OR.PA-press-57,precursor,5,0.077966,0.0,0.0,1.0,100.0
OR.PA-press-58,consequence,0,,,,,
OR.PA-press-59,consequence,0,,,,,
OR.PA-press-6,precursor,1,0.04753234686252809,,,,1.0
OR.PA-press-60,precursor,6,-0.035204,0.064087,-1.3455,0.236246,33.3
OR.PA-press-61,precursor,3,-0.119693,0.0,0.0,1.0,0.0
OR.PA-press-62,precursor,4,0.026917,0.029547,1.822,0.165988,100.0
OR.PA-press-63,consequence,0,,,,,
OR.PA-press-64,precursor,2,0.001329,0.0,0.0,1.0,100.0
OR.PA-press-65,consequence,0,,,,,
OR.PA-press-66,precursor,2,0.128846,0.0,0.0,1.0,100.0
OR.PA-press-67,consequence,0,,,,,
OR.PA-press-68,precursor,7,0.07264,0.064707,2.9701,0.024954,85.7
OR.PA-press-69,consequence,0,,,,,
OR.PA-press-7,precursor,3,0.109252,0.0,1.113334931821654e+16,0.0,100.0
OR.PA-press-70,consequence,0,,,,,
OR.PA-press-71,precursor,4,0.047532,0.0,0.0,1.0,100.0
OR.PA-press-72,precursor,3,-0.084013,0.0,0.0,1.0,0.0
OR.PA-press-73,consequence,0,,,,,
OR.PA-press-74,precursor,5,0.012362,0.110044,0.2512,0.814043,40.0
OR.PA-press-75,precursor,5,0.061419,0.011548,11.8926,0.000286,100.0
OR.PA-press-76,consequence,0,,,,,
OR.PA-press-77,precursor,3,0.014264,0.075803,0.3259,0.775429,33.3
OR.PA-press-78,consequence,0,,,,,
OR.PA-press-79,precursor,10,0.001335,0.048414,0.0872,0.932408,50.0
OR.PA-press-8,precursor,3,0.109252,0.0,1.113334931821654e+16,0.0,100.0
OR.PA-press-80,precursor,7,0.052747,0.035506,3.9305,0.007708,100.0
OR.PA-press-81,consequence,0,,,,,
OR.PA-press-82,consequence,0,,,,,
OR.PA-press-83,consequence,0,,,,,
OR.PA-press-84,consequence,0,,,,,
OR.PA-press-85,precursor,3,0.046302,0.0,0.0,1.0,100.0
OR.PA-press-86,consequence,0,,,,,
OR.PA-press-87,precursor,7,0.051772,0.0,1.8276083385056636e+16,0.0,100.0
OR.PA-press-88,precursor,3,0.047532,0.0,0.0,1.0,100.0
OR.PA-press-89,precursor,3,0.047532,0.0,0.0,1.0,100.0
OR.PA-press-9,precursor,3,0.109252,0.0,1.113334931821654e+16,0.0,100.0
OR.PA-press-90,precursor,11,-0.012753,0.080271,-0.5269,0.609742,18.2
OR.PA-press-91,consequence,0,,,,,
OR.PA-press-92,precursor,1,-0.0706057866715725,,,,0.0
OR.PA-press-93,consequence,0,,,,,
OR.PA-press-94,precursor,1,0.04753234686252809,,,,1.0
OR.PA-press-95,consequence,0,,,,,
OR.PA-press-96,precursor,0,,,,,
OR.PA-press-97,precursor,13,0.041099,0.029722,4.9857,0.000317,76.9
OR.PA-press-98,consequence,0,,,,,
OR.PA-press-99,precursor,4,-0.046293,0.071331,-1.298,0.285076,25.0
OR.PA-press-noise-1,precursor,1,0.07796567006150386,,,,1.0
OR.PA-press-noise-10,consequence,0,,,,,
OR.PA-press-noise-100,precursor,1,0.021622046197869692,,,,1.0
OR.PA-press-noise-101,consequence,0,,,,,
OR.PA-press-noise-102,precursor,1,0.021622046197869692,,,,1.0
OR.PA-press-noise-103,consequence,0,,,,,
OR.PA-press-noise-104,consequence,0,,,,,
OR.PA-press-noise-105,consequence,0,,,,,
OR.PA-press-noise-106,consequence,0,,,,,
OR.PA-press-noise-107,precursor,1,0.021622046197869692,,,,1.0
OR.PA-press-noise-108,precursor,1,0.021622046197869692,,,,1.0
OR.PA-press-noise-109,precursor,1,0.021622046197869692,,,,1.0
OR.PA-press-noise-11,consequence,0,,,,,
OR.PA-press-noise-110,consequence,0,,,,,
OR.PA-press-noise-111,consequence,0,,,,,
OR.PA-press-noise-112,consequence,0,,,,,
OR.PA-press-noise-113,consequence,0,,,,,
OR.PA-press-noise-114,consequence,0,,,,,
OR.PA-press-noise-115,consequence,0,,,,,
OR.PA-press-noise-116,consequence,0,,,,,
OR.PA-press-noise-117,consequence,0,,,,,
OR.PA-press-noise-118,consequence,0,,,,,
OR.PA-press-noise-119,consequence,0,,,,,
OR.PA-press-noise-12,consequence,0,,,,,
OR.PA-press-noise-120,consequence,0,,,,,
OR.PA-press-noise-121,precursor,1,-0.03066827935782921,,,,0.0
OR.PA-press-noise-122,precursor,1,-0.03066827935782921,,,,0.0
OR.PA-press-noise-123,precursor,1,-0.11969291797957837,,,,0.0
OR.PA-press-noise-124,precursor,1,-0.11969291797957837,,,,0.0
OR.PA-press-noise-125,precursor,1,0.15872498715811742,,,,1.0
OR.PA-press-noise-126,precursor,1,0.15872498715811742,,,,1.0
OR.PA-press-noise-127,consequence,0,,,,,
OR.PA-press-noise-128,precursor,1,0.15872498715811742,,,,1.0
OR.PA-press-noise-129,consequence,0,,,,,
OR.PA-press-noise-13,precursor,1,0.07796567006150386,,,,1.0
OR.PA-press-noise-130,consequence,0,,,,,
OR.PA-press-noise-131,consequence,0,,,,,
OR.PA-press-noise-132,consequence,0,,,,,
OR.PA-press-noise-133,consequence,0,,,,,
OR.PA-press-noise-134,precursor,1,0.15872498715811742,,,,1.0
OR.PA-press-noise-135,precursor,1,0.15872498715811742,,,,1.0
OR.PA-press-noise-136,precursor,1,0.15872498715811742,,,,1.0
OR.PA-press-noise-137,precursor,1,0.15872498715811742,,,,1.0
OR.PA-press-noise-138,precursor,1,0.15872498715811742,,,,1.0
OR.PA-press-noise-139,precursor,1,0.12884647677793593,,,,1.0
OR.PA-press-noise-14,consequence,0,,,,,
OR.PA-press-noise-140,precursor,1,0.12884647677793593,,,,1.0
OR.PA-press-noise-141,precursor,1,0.12884647677793593,,,,1.0
OR.PA-press-noise-142,precursor,1,0.12884647677793593,,,,1.0
OR.PA-press-noise-143,precursor,1,0.12884647677793593,,,,1.0
OR.PA-press-noise-144,precursor,1,0.12884647677793593,,,,1.0
OR.PA-press-noise-145,precursor,1,0.12884647677793593,,,,1.0
OR.PA-press-noise-146,precursor,1,0.12884647677793593,,,,1.0
OR.PA-press-noise-147,consequence,0,,,,,
OR.PA-press-noise-148,consequence,0,,,,,
OR.PA-press-noise-149,consequence,0,,,,,
OR.PA-press-noise-15,consequence,0,,,,,
OR.PA-press-noise-150,precursor,1,-0.014248304512024114,,,,0.0
OR.PA-press-noise-151,consequence,0,,,,,
OR.PA-press-noise-152,consequence,0,,,,,
OR.PA-press-noise-153,consequence,0,,,,,
OR.PA-press-noise-154,consequence,0,,,,,
OR.PA-press-noise-155,precursor,1,-0.014248304512024114,,,,0.0
OR.PA-press-noise-156,consequence,0,,,,,
OR.PA-press-noise-157,consequence,0,,,,,
OR.PA-press-noise-158,consequence,0,,,,,
OR.PA-press-noise-159,consequence,0,,,,,
OR.PA-press-noise-16,consequence,0,,,,,
OR.PA-press-noise-160,consequence,0,,,,,
OR.PA-press-noise-161,precursor,1,-0.07457694921434165,,,,0.0
OR.PA-press-noise-162,consequence,0,,,,,
OR.PA-press-noise-163,consequence,0,,,,,
OR.PA-press-noise-164,precursor,1,-0.040371351730537325,,,,0.0
OR.PA-press-noise-165,consequence,0,,,,,
OR.PA-press-noise-166,precursor,1,0.09976048652105621,,,,1.0
OR.PA-press-noise-167,precursor,1,0.09976048652105621,,,,1.0
OR.PA-press-noise-168,consequence,0,,,,,
OR.PA-press-noise-169,consequence,0,,,,,
OR.PA-press-noise-17,consequence,0,,,,,
OR.PA-press-noise-170,precursor,1,0.09976048652105621,,,,1.0
OR.PA-press-noise-171,precursor,1,0.09976048652105621,,,,1.0
OR.PA-press-noise-172,precursor,1,0.09976048652105621,,,,1.0
OR.PA-press-noise-173,consequence,0,,,,,
OR.PA-press-noise-174,consequence,0,,,,,
OR.PA-press-noise-175,consequence,0,,,,,
OR.PA-press-noise-176,consequence,0,,,,,
OR.PA-press-noise-177,consequence,0,,,,,
OR.PA-press-noise-178,consequence,0,,,,,
OR.PA-press-noise-179,consequence,0,,,,,
OR.PA-press-noise-18,precursor,1,0.06664648560011029,,,,1.0
OR.PA-press-noise-180,consequence,0,,,,,
OR.PA-press-noise-181,consequence,0,,,,,
OR.PA-press-noise-182,precursor,1,0.012256405377125294,,,,1.0
OR.PA-press-noise-183,precursor,1,0.012256405377125294,,,,1.0
OR.PA-press-noise-184,precursor,1,0.012256405377125294,,,,1.0
OR.PA-press-noise-185,precursor,1,0.012256405377125294,,,,1.0
OR.PA-press-noise-186,precursor,1,0.012256405377125294,,,,1.0
OR.PA-press-noise-187,precursor,1,0.012256405377125294,,,,1.0
OR.PA-press-noise-188,consequence,0,,,,,
OR.PA-press-noise-189,precursor,1,0.012256405377125294,,,,1.0
OR.PA-press-noise-19,consequence,0,,,,,
OR.PA-press-noise-190,consequence,0,,,,,
OR.PA-press-noise-191,precursor,1,0.012256405377125294,,,,1.0
OR.PA-press-noise-192,consequence,0,,,,,
OR.PA-press-noise-193,consequence,0,,,,,
OR.PA-press-noise-194,consequence,0,,,,,
OR.PA-press-noise-195,consequence,0,,,,,
OR.PA-press-noise-196,consequence,0,,,,,
OR.PA-press-noise-197,consequence,0,,,,,
OR.PA-press-noise-198,precursor,1,0.012256405377125294,,,,1.0
OR.PA-press-noise-199,precursor,1,0.05177233501854882,,,,1.0
OR.PA-press-noise-2,consequence,0,,,,,
OR.PA-press-noise-20,consequence,0,,,,,
OR.PA-press-noise-200,precursor,1,0.05177233501854882,,,,1.0
OR.PA-press-noise-201,precursor,1,0.05177233501854882,,,,1.0
OR.PA-press-noise-202,consequence,0,,,,,
OR.PA-press-noise-203,precursor,1,-0.029509778067323328,,,,0.0
OR.PA-press-noise-204,precursor,1,-0.11412617895549709,,,,0.0
OR.PA-press-noise-205,precursor,1,-0.11412617895549709,,,,0.0
OR.PA-press-noise-206,consequence,0,,,,,
OR.PA-press-noise-207,consequence,0,,,,,
OR.PA-press-noise-208,precursor,1,-0.11412617895549709,,,,0.0
OR.PA-press-noise-209,precursor,1,-0.11412617895549709,,,,0.0
OR.PA-press-noise-21,consequence,0,,,,,
OR.PA-press-noise-210,precursor,1,-0.14518386853476078,,,,0.0
OR.PA-press-noise-211,precursor,1,-0.14518386853476078,,,,0.0
OR.PA-press-noise-212,precursor,1,-0.10888227705338112,,,,0.0
OR.PA-press-noise-213,consequence,0,,,,,
OR.PA-press-noise-214,consequence,0,,,,,
OR.PA-press-noise-215,consequence,0,,,,,
OR.PA-press-noise-216,consequence,0,,,,,
OR.PA-press-noise-217,consequence,0,,,,,
OR.PA-press-noise-218,consequence,0,,,,,
OR.PA-press-noise-219,consequence,0,,,,,
OR.PA-press-noise-22,consequence,0,,,,,
OR.PA-press-noise-220,consequence,0,,,,,
OR.PA-press-noise-221,precursor,1,-0.10888227705338112,,,,0.0
OR.PA-press-noise-222,consequence,0,,,,,
OR.PA-press-noise-223,precursor,1,-0.10888227705338112,,,,0.0
OR.PA-press-noise-224,precursor,1,-0.10888227705338112,,,,0.0
OR.PA-press-noise-225,consequence,0,,,,,
OR.PA-press-noise-226,precursor,1,-0.10888227705338112,,,,0.0
OR.PA-press-noise-227,consequence,0,,,,,
OR.PA-press-noise-228,precursor,1,-0.10888227705338112,,,,0.0
OR.PA-press-noise-229,precursor,1,-0.10888227705338112,,,,0.0
OR.PA-press-noise-23,consequence,0,,,,,
OR.PA-press-noise-230,consequence,0,,,,,
OR.PA-press-noise-231,precursor,1,-0.10888227705338112,,,,0.0
OR.PA-press-noise-232,precursor,1,-0.08901194810547478,,,,0.0
OR.PA-press-noise-233,precursor,1,-0.08901194810547478,,,,0.0
OR.PA-press-noise-234,precursor,1,-0.049574142163489585,,,,0.0
OR.PA-press-noise-235,consequence,0,,,,,
OR.PA-press-noise-236,consequence,0,,,,,
OR.PA-press-noise-237,consequence,0,,,,,
OR.PA-press-noise-238,precursor,1,-0.049574142163489585,,,,0.0
OR.PA-press-noise-239,precursor,1,-0.049574142163489585,,,,0.0
OR.PA-press-noise-24,consequence,0,,,,,
OR.PA-press-noise-240,precursor,1,-0.0706057866715725,,,,0.0
OR.PA-press-noise-241,consequence,0,,,,,
OR.PA-press-noise-242,precursor,1,-0.0706057866715725,,,,0.0
OR.PA-press-noise-243,consequence,0,,,,,
OR.PA-press-noise-244,consequence,0,,,,,
OR.PA-press-noise-245,precursor,1,-0.05017344066513368,,,,0.0
OR.PA-press-noise-246,precursor,1,-0.05017344066513368,,,,0.0
OR.PA-press-noise-247,precursor,1,-0.05017344066513368,,,,0.0
OR.PA-press-noise-248,consequence,0,,,,,
OR.PA-press-noise-249,precursor,1,-0.05017344066513368,,,,0.0
OR.PA-press-noise-25,consequence,0,,,,,
OR.PA-press-noise-250,precursor,1,-0.05017344066513368,,,,0.0
OR.PA-press-noise-251,consequence,0,,,,,
OR.PA-press-noise-252,consequence,0,,,,,
OR.PA-press-noise-253,precursor,1,-0.06667862741875058,,,,0.0
OR.PA-press-noise-254,precursor,1,-0.06667862741875058,,,,0.0
OR.PA-press-noise-255,precursor,1,-0.06667862741875058,,,,0.0
OR.PA-press-noise-256,precursor,1,-0.06667862741875058,,,,0.0
OR.PA-press-noise-257,precursor,1,-0.06667862741875058,,,,0.0
OR.PA-press-noise-258,precursor,1,-0.06667862741875058,,,,0.0
OR.PA-press-noise-259,precursor,1,-0.039855677917800175,,,,0.0
OR.PA-press-noise-26,consequence,0,,,,,
OR.PA-press-noise-260,precursor,1,-0.039855677917800175,,,,0.0
OR.PA-press-noise-261,precursor,1,-0.04056328672638386,,,,0.0
OR.PA-press-noise-262,precursor,1,-0.04056328672638386,,,,0.0
OR.PA-press-noise-263,consequence,0,,,,,
OR.PA-press-noise-264,precursor,1,-0.04056328672638386,,,,0.0
OR.PA-press-noise-265,consequence,0,,,,,
OR.PA-press-noise-266,precursor,1,0.036163549416058545,,,,1.0
OR.PA-press-noise-267,precursor,1,0.036163549416058545,,,,1.0
OR.PA-press-noise-268,precursor,1,0.14559565327973328,,,,1.0
OR.PA-press-noise-269,precursor,1,0.14559565327973328,,,,1.0
OR.PA-press-noise-27,consequence,0,,,,,
OR.PA-press-noise-270,consequence,0,,,,,
OR.PA-press-noise-271,precursor,1,0.11708136391575674,,,,1.0
OR.PA-press-noise-272,precursor,1,0.13240918228021853,,,,1.0
OR.PA-press-noise-273,consequence,0,,,,,
OR.PA-press-noise-274,precursor,1,0.13240918228021853,,,,1.0
OR.PA-press-noise-275,precursor,1,0.13240918228021853,,,,1.0
OR.PA-press-noise-276,precursor,1,0.09283906563267345,,,,1.0
OR.PA-press-noise-277,precursor,1,0.09283906563267345,,,,1.0
OR.PA-press-noise-278,precursor,1,0.09283906563267345,,,,1.0
OR.PA-press-noise-279,precursor,1,0.09283906563267345,,,,1.0
OR.PA-press-noise-28,consequence,0,,,,,
OR.PA-press-noise-280,precursor,1,0.09283906563267345,,,,1.0
OR.PA-press-noise-281,precursor,1,0.09283906563267345,,,,1.0
OR.PA-press-noise-282,precursor,1,0.09283906563267345,,,,1.0
OR.PA-press-noise-283,precursor,1,0.09283906563267345,,,,1.0
OR.PA-press-noise-284,precursor,1,0.09283906563267345,,,,1.0
OR.PA-press-noise-285,precursor,1,0.09283906563267345,,,,1.0
OR.PA-press-noise-286,consequence,0,,,,,
OR.PA-press-noise-287,precursor,1,0.05411164168538955,,,,1.0
OR.PA-press-noise-288,precursor,1,-0.044725707545284286,,,,0.0
OR.PA-press-noise-289,precursor,1,-0.044725707545284286,,,,0.0
OR.PA-press-noise-29,consequence,0,,,,,
OR.PA-press-noise-290,consequence,0,,,,,
OR.PA-press-noise-291,precursor,1,-0.044725707545284286,,,,0.0
OR.PA-press-noise-292,precursor,1,-0.044725707545284286,,,,0.0
OR.PA-press-noise-293,consequence,0,,,,,
OR.PA-press-noise-294,precursor,1,-0.06131086846908674,,,,0.0
OR.PA-press-noise-295,consequence,0,,,,,
OR.PA-press-noise-296,consequence,0,,,,,
OR.PA-press-noise-297,consequence,0,,,,,
OR.PA-press-noise-298,consequence,0,,,,,
OR.PA-press-noise-299,consequence,0,,,,,
OR.PA-press-noise-3,consequence,0,,,,,
OR.PA-press-noise-30,precursor,1,0.06608457404171313,,,,1.0
OR.PA-press-noise-300,consequence,0,,,,,
OR.PA-press-noise-301,precursor,1,-0.06131086846908674,,,,0.0
OR.PA-press-noise-302,precursor,1,-0.06131086846908674,,,,0.0
OR.PA-press-noise-303,consequence,0,,,,,
OR.PA-press-noise-304,precursor,1,0.009926811741321612,,,,1.0
OR.PA-press-noise-305,consequence,0,,,,,
OR.PA-press-noise-306,precursor,1,0.009926811741321612,,,,1.0
OR.PA-press-noise-307,precursor,1,0.009926811741321612,,,,1.0
OR.PA-press-noise-308,precursor,1,0.009926811741321612,,,,1.0
OR.PA-press-noise-309,precursor,1,0.009926811741321612,,,,1.0
OR.PA-press-noise-31,consequence,0,,,,,
OR.PA-press-noise-310,precursor,1,0.009926811741321612,,,,1.0
OR.PA-press-noise-311,precursor,1,0.009926811741321612,,,,1.0
OR.PA-press-noise-312,precursor,1,-0.09402381672609134,,,,0.0
OR.PA-press-noise-313,precursor,1,-0.09402381672609134,,,,0.0
OR.PA-press-noise-314,precursor,1,-0.09402381672609134,,,,0.0
OR.PA-press-noise-315,precursor,1,-0.09402381672609134,,,,0.0
OR.PA-press-noise-316,precursor,1,-0.09402381672609134,,,,0.0
OR.PA-press-noise-317,precursor,1,-0.09402381672609134,,,,0.0
OR.PA-press-noise-318,precursor,1,-0.09402381672609134,,,,0.0
OR.PA-press-noise-319,precursor,1,-0.09402381672609134,,,,0.0
OR.PA-press-noise-32,consequence,0,,,,,
OR.PA-press-noise-320,precursor,1,-0.09402381672609134,,,,0.0
OR.PA-press-noise-321,precursor,1,-0.09402381672609134,,,,0.0
OR.PA-press-noise-322,precursor,1,-0.09402381672609134,,,,0.0
OR.PA-press-noise-323,precursor,1,-0.09402381672609134,,,,0.0
OR.PA-press-noise-324,precursor,1,-0.09402381672609134,,,,0.0
OR.PA-press-noise-325,precursor,1,-0.09402381672609134,,,,0.0
OR.PA-press-noise-326,precursor,1,-0.09402381672609134,,,,0.0
OR.PA-press-noise-327,precursor,1,-0.09402381672609134,,,,0.0
OR.PA-press-noise-328,precursor,1,-0.07657469310399603,,,,0.0
OR.PA-press-noise-329,precursor,1,-0.07657469310399603,,,,0.0
OR.PA-press-noise-33,consequence,0,,,,,
OR.PA-press-noise-330,precursor,1,-0.07657469310399603,,,,0.0
OR.PA-press-noise-331,consequence,0,,,,,
OR.PA-press-noise-332,consequence,0,,,,,
OR.PA-press-noise-333,precursor,1,0.041780097759707265,,,,1.0
OR.PA-press-noise-334,precursor,1,0.06658325732411537,,,,1.0
OR.PA-press-noise-335,precursor,1,0.06658325732411537,,,,1.0
OR.PA-press-noise-336,precursor,1,0.12218242877453157,,,,1.0
OR.PA-press-noise-337,precursor,1,0.12218242877453157,,,,1.0
OR.PA-press-noise-338,precursor,1,0.07854526620666408,,,,1.0
OR.PA-press-noise-339,precursor,1,0.07854526620666408,,,,1.0
OR.PA-press-noise-34,precursor,1,0.06608457404171313,,,,1.0
OR.PA-press-noise-340,precursor,1,0.07854526620666408,,,,1.0
OR.PA-press-noise-341,consequence,0,,,,,
OR.PA-press-noise-342,consequence,0,,,,,
OR.PA-press-noise-343,consequence,0,,,,,
OR.PA-press-noise-344,consequence,0,,,,,
OR.PA-press-noise-345,consequence,0,,,,,
OR.PA-press-noise-346,consequence,0,,,,,
OR.PA-press-noise-347,precursor,1,0.10307750701347906,,,,1.0
OR.PA-press-noise-348,consequence,0,,,,,
OR.PA-press-noise-349,consequence,0,,,,,
OR.PA-press-noise-35,consequence,0,,,,,
OR.PA-press-noise-350,precursor,1,0.10307750701347906,,,,1.0
OR.PA-press-noise-351,consequence,0,,,,,
OR.PA-press-noise-352,precursor,1,0.05709742368968978,,,,1.0
OR.PA-press-noise-353,precursor,1,0.05709742368968978,,,,1.0
OR.PA-press-noise-354,precursor,1,0.04753234686252809,,,,1.0
OR.PA-press-noise-355,consequence,0,,,,,
OR.PA-press-noise-356,precursor,1,0.04753234686252809,,,,1.0
OR.PA-press-noise-357,consequence,0,,,,,
OR.PA-press-noise-358,precursor,1,0.04753234686252809,,,,1.0
OR.PA-press-noise-359,precursor,1,0.04753234686252809,,,,1.0
OR.PA-press-noise-36,consequence,0,,,,,
OR.PA-press-noise-360,precursor,1,0.04753234686252809,,,,1.0
OR.PA-press-noise-361,precursor,1,0.04753234686252809,,,,1.0
OR.PA-press-noise-362,precursor,1,0.04753234686252809,,,,1.0
OR.PA-press-noise-363,precursor,1,0.04753234686252809,,,,1.0
OR.PA-press-noise-364,precursor,1,0.04753234686252809,,,,1.0
OR.PA-press-noise-365,consequence,0,,,,,
OR.PA-press-noise-366,consequence,0,,,,,
OR.PA-press-noise-367,consequence,0,,,,,
OR.PA-press-noise-368,precursor,1,0.04753234686252809,,,,1.0
OR.PA-press-noise-369,precursor,1,0.04753234686252809,,,,1.0
OR.PA-press-noise-37,consequence,0,,,,,
OR.PA-press-noise-370,precursor,1,0.04753234686252809,,,,1.0
OR.PA-press-noise-371,precursor,1,0.04753234686252809,,,,1.0
OR.PA-press-noise-372,precursor,1,0.04753234686252809,,,,1.0
OR.PA-press-noise-373,precursor,1,0.04753234686252809,,,,1.0
OR.PA-press-noise-374,precursor,1,0.04753234686252809,,,,1.0
OR.PA-press-noise-375,consequence,0,,,,,
OR.PA-press-noise-376,consequence,0,,,,,
OR.PA-press-noise-377,consequence,0,,,,,
OR.PA-press-noise-378,consequence,0,,,,,
OR.PA-press-noise-379,consequence,0,,,,,
OR.PA-press-noise-38,precursor,1,0.06608457404171313,,,,1.0
OR.PA-press-noise-380,consequence,0,,,,,
OR.PA-press-noise-381,precursor,1,0.04753234686252809,,,,1.0
OR.PA-press-noise-382,precursor,1,0.04753234686252809,,,,1.0
OR.PA-press-noise-383,precursor,1,0.04753234686252809,,,,1.0
OR.PA-press-noise-384,precursor,1,0.04753234686252809,,,,1.0
OR.PA-press-noise-385,precursor,1,0.04753234686252809,,,,1.0
OR.PA-press-noise-386,precursor,1,0.04753234686252809,,,,1.0
OR.PA-press-noise-387,precursor,1,0.04753234686252809,,,,1.0
OR.PA-press-noise-388,precursor,1,0.04753234686252809,,,,1.0
OR.PA-press-noise-389,precursor,1,0.04753234686252809,,,,1.0
OR.PA-press-noise-39,consequence,0,,,,,
OR.PA-press-noise-390,precursor,1,0.04753234686252809,,,,1.0
OR.PA-press-noise-391,precursor,1,0.04753234686252809,,,,1.0
OR.PA-press-noise-392,precursor,1,0.04753234686252809,,,,1.0
OR.PA-press-noise-393,precursor,1,0.04753234686252809,,,,1.0
OR.PA-press-noise-394,precursor,1,0.04753234686252809,,,,1.0
OR.PA-press-noise-395,precursor,1,0.04753234686252809,,,,1.0
OR.PA-press-noise-396,precursor,1,0.04753234686252809,,,,1.0
OR.PA-press-noise-397,precursor,1,0.04753234686252809,,,,1.0
OR.PA-press-noise-398,consequence,0,,,,,
OR.PA-press-noise-399,consequence,0,,,,,
OR.PA-press-noise-4,precursor,1,0.07796567006150386,,,,1.0
OR.PA-press-noise-40,consequence,0,,,,,
OR.PA-press-noise-400,consequence,0,,,,,
OR.PA-press-noise-401,consequence,0,,,,,
OR.PA-press-noise-402,consequence,0,,,,,
OR.PA-press-noise-403,consequence,0,,,,,
OR.PA-press-noise-404,consequence,0,,,,,
OR.PA-press-noise-405,consequence,0,,,,,
OR.PA-press-noise-406,consequence,0,,,,,
OR.PA-press-noise-407,consequence,0,,,,,
OR.PA-press-noise-408,consequence,0,,,,,
OR.PA-press-noise-409,consequence,0,,,,,
OR.PA-press-noise-41,consequence,0,,,,,
OR.PA-press-noise-410,consequence,0,,,,,
OR.PA-press-noise-411,consequence,0,,,,,
OR.PA-press-noise-412,consequence,0,,,,,
OR.PA-press-noise-413,consequence,0,,,,,
OR.PA-press-noise-414,consequence,0,,,,,
OR.PA-press-noise-415,consequence,0,,,,,
OR.PA-press-noise-416,consequence,0,,,,,
OR.PA-press-noise-417,consequence,0,,,,,
OR.PA-press-noise-418,consequence,0,,,,,
OR.PA-press-noise-419,consequence,0,,,,,
OR.PA-press-noise-42,precursor,1,0.06608457404171313,,,,1.0
OR.PA-press-noise-420,precursor,1,0.058017310562130414,,,,1.0
OR.PA-press-noise-421,precursor,1,0.058017310562130414,,,,1.0
OR.PA-press-noise-422,precursor,1,0.058017310562130414,,,,1.0
OR.PA-press-noise-423,consequence,0,,,,,
OR.PA-press-noise-424,precursor,1,0.058017310562130414,,,,1.0
OR.PA-press-noise-425,precursor,1,0.058017310562130414,,,,1.0
OR.PA-press-noise-426,consequence,0,,,,,
OR.PA-press-noise-427,consequence,0,,,,,
OR.PA-press-noise-428,precursor,1,0.027918912550371523,,,,1.0
OR.PA-press-noise-429,consequence,0,,,,,
OR.PA-press-noise-43,consequence,0,,,,,
OR.PA-press-noise-430,precursor,1,0.001927450665131997,,,,1.0
OR.PA-press-noise-431,precursor,1,0.001927450665131997,,,,1.0
OR.PA-press-noise-432,precursor,1,0.001927450665131997,,,,1.0
OR.PA-press-noise-433,precursor,1,0.001927450665131997,,,,1.0
OR.PA-press-noise-434,consequence,0,,,,,
OR.PA-press-noise-435,consequence,0,,,,,
OR.PA-press-noise-436,consequence,0,,,,,
OR.PA-press-noise-437,consequence,0,,,,,
OR.PA-press-noise-438,precursor,1,0.08524197013983355,,,,1.0
OR.PA-press-noise-439,precursor,1,0.11437410189916977,,,,1.0
OR.PA-press-noise-44,consequence,0,,,,,
OR.PA-press-noise-440,consequence,0,,,,,
OR.PA-press-noise-441,precursor,1,0.10925242377764963,,,,1.0
OR.PA-press-noise-442,precursor,1,0.10925242377764963,,,,1.0
OR.PA-press-noise-443,precursor,1,0.10925242377764963,,,,1.0
OR.PA-press-noise-444,precursor,1,0.10925242377764963,,,,1.0
OR.PA-press-noise-445,precursor,1,0.10925242377764963,,,,1.0
OR.PA-press-noise-446,precursor,1,0.10925242377764963,,,,1.0
OR.PA-press-noise-447,precursor,1,0.10925242377764963,,,,1.0
OR.PA-press-noise-448,precursor,1,0.10925242377764963,,,,1.0
OR.PA-press-noise-449,precursor,1,0.10925242377764963,,,,1.0
OR.PA-press-noise-45,consequence,0,,,,,
OR.PA-press-noise-450,precursor,1,0.10925242377764963,,,,1.0
OR.PA-press-noise-451,consequence,0,,,,,
OR.PA-press-noise-452,consequence,0,,,,,
OR.PA-press-noise-453,precursor,1,0.02964195941958025,,,,1.0
OR.PA-press-noise-454,precursor,1,0.02964195941958025,,,,1.0
OR.PA-press-noise-455,precursor,1,0.02964195941958025,,,,1.0
OR.PA-press-noise-456,consequence,0,,,,,
OR.PA-press-noise-457,precursor,1,0.03095569976877438,,,,1.0
OR.PA-press-noise-458,consequence,0,,,,,
OR.PA-press-noise-459,consequence,0,,,,,
OR.PA-press-noise-46,consequence,0,,,,,
OR.PA-press-noise-460,consequence,0,,,,,
OR.PA-press-noise-461,consequence,0,,,,,
OR.PA-press-noise-462,consequence,0,,,,,
OR.PA-press-noise-463,consequence,0,,,,,
OR.PA-press-noise-464,consequence,0,,,,,
OR.PA-press-noise-465,consequence,0,,,,,
OR.PA-press-noise-466,consequence,0,,,,,
OR.PA-press-noise-467,consequence,0,,,,,
OR.PA-press-noise-468,consequence,0,,,,,
OR.PA-press-noise-469,precursor,1,-0.015718832361215407,,,,0.0
OR.PA-press-noise-47,precursor,1,0.06608457404171313,,,,1.0
OR.PA-press-noise-470,consequence,0,,,,,
OR.PA-press-noise-471,consequence,0,,,,,
OR.PA-press-noise-472,consequence,0,,,,,
OR.PA-press-noise-473,consequence,0,,,,,
OR.PA-press-noise-474,consequence,0,,,,,
OR.PA-press-noise-475,consequence,0,,,,,
OR.PA-press-noise-476,consequence,0,,,,,
OR.PA-press-noise-477,consequence,0,,,,,
OR.PA-press-noise-478,consequence,0,,,,,
OR.PA-press-noise-479,precursor,1,-0.08401255760328867,,,,0.0
OR.PA-press-noise-48,consequence,0,,,,,
OR.PA-press-noise-480,precursor,1,-0.08401255760328867,,,,0.0
OR.PA-press-noise-481,precursor,1,-0.10808206866201131,,,,0.0
OR.PA-press-noise-482,precursor,1,-0.10808206866201131,,,,0.0
OR.PA-press-noise-483,precursor,1,-0.10808206866201131,,,,0.0
OR.PA-press-noise-484,precursor,1,-0.10808206866201131,,,,0.0
OR.PA-press-noise-485,consequence,0,,,,,
OR.PA-press-noise-486,precursor,1,-0.10808206866201131,,,,0.0
OR.PA-press-noise-487,precursor,1,-0.10808206866201131,,,,0.0
OR.PA-press-noise-488,precursor,1,-0.10808206866201131,,,,0.0
OR.PA-press-noise-489,precursor,1,-0.10808206866201131,,,,0.0
OR.PA-press-noise-49,consequence,0,,,,,
OR.PA-press-noise-490,precursor,1,-0.05564886113639979,,,,0.0
OR.PA-press-noise-491,precursor,1,-0.05564886113639979,,,,0.0
OR.PA-press-noise-492,precursor,1,-0.05564886113639979,,,,0.0
OR.PA-press-noise-493,precursor,1,-0.05564886113639979,,,,0.0
OR.PA-press-noise-494,consequence,0,,,,,
OR.PA-press-noise-495,consequence,0,,,,,
OR.PA-press-noise-496,precursor,1,-0.05564886113639979,,,,0.0
OR.PA-press-noise-497,consequence,0,,,,,
OR.PA-press-noise-498,precursor,1,0.046301989190906556,,,,1.0
OR.PA-press-noise-499,precursor,1,0.046301989190906556,,,,1.0
OR.PA-press-noise-5,precursor,1,0.07796567006150386,,,,1.0
OR.PA-press-noise-50,precursor,1,-0.010743258057177634,,,,0.0
OR.PA-press-noise-500,precursor,1,0.046301989190906556,,,,1.0
OR.PA-press-noise-501,precursor,1,0.046301989190906556,,,,1.0
OR.PA-press-noise-502,precursor,1,0.046301989190906556,,,,1.0
OR.PA-press-noise-503,precursor,1,0.046301989190906556,,,,1.0
OR.PA-press-noise-504,precursor,0,,,,,
OR.PA-press-noise-505,precursor,0,,,,,
OR.PA-press-noise-506,precursor,0,,,,,
OR.PA-press-noise-507,precursor,0,,,,,
OR.PA-press-noise-508,precursor,0,,,,,
OR.PA-press-noise-509,precursor,0,,,,,
OR.PA-press-noise-51,precursor,1,-0.010743258057177634,,,,0.0
OR.PA-press-noise-510,precursor,0,,,,,
OR.PA-press-noise-511,consequence,0,,,,,
OR.PA-press-noise-512,precursor,0,,,,,
OR.PA-press-noise-513,consequence,0,,,,,
OR.PA-press-noise-514,precursor,0,,,,,
OR.PA-press-noise-52,consequence,0,,,,,
OR.PA-press-noise-53,consequence,0,,,,,
OR.PA-press-noise-54,consequence,0,,,,,
OR.PA-press-noise-55,consequence,0,,,,,
OR.PA-press-noise-56,consequence,0,,,,,
OR.PA-press-noise-57,precursor,1,-0.04041935690285083,,,,0.0
OR.PA-press-noise-58,precursor,1,-0.04041935690285083,,,,0.0
OR.PA-press-noise-59,precursor,1,-0.04041935690285083,,,,0.0
OR.PA-press-noise-6,consequence,0,,,,,
OR.PA-press-noise-60,precursor,1,0.038085836813137694,,,,1.0
OR.PA-press-noise-61,consequence,0,,,,,
OR.PA-press-noise-62,precursor,1,0.038085836813137694,,,,1.0
OR.PA-press-noise-63,precursor,1,0.057801937189512945,,,,1.0
OR.PA-press-noise-64,precursor,1,0.057801937189512945,,,,1.0
OR.PA-press-noise-65,precursor,1,0.05250564219485662,,,,1.0
OR.PA-press-noise-66,precursor,1,0.05250564219485662,,,,1.0
OR.PA-press-noise-67,precursor,1,0.05250564219485662,,,,1.0
OR.PA-press-noise-68,precursor,1,0.05250564219485662,,,,1.0
OR.PA-press-noise-69,precursor,1,0.05250564219485662,,,,1.0
OR.PA-press-noise-7,consequence,0,,,,,
OR.PA-press-noise-70,precursor,1,-0.0414434422031445,,,,0.0
OR.PA-press-noise-71,consequence,0,,,,,
OR.PA-press-noise-72,consequence,0,,,,,
OR.PA-press-noise-73,consequence,0,,,,,
OR.PA-press-noise-74,precursor,1,-0.027641809853701592,,,,0.0
OR.PA-press-noise-75,consequence,0,,,,,
OR.PA-press-noise-76,consequence,0,,,,,
OR.PA-press-noise-77,consequence,0,,,,,
OR.PA-press-noise-78,consequence,0,,,,,
OR.PA-press-noise-79,precursor,1,-0.027641809853701592,,,,0.0
OR.PA-press-noise-8,precursor,1,0.07796567006150386,,,,1.0
OR.PA-press-noise-80,consequence,0,,,,,
OR.PA-press-noise-81,consequence,0,,,,,
OR.PA-press-noise-82,consequence,0,,,,,
OR.PA-press-noise-83,consequence,0,,,,,
OR.PA-press-noise-84,consequence,0,,,,,
OR.PA-press-noise-85,precursor,1,-0.0077476317473409335,,,,0.0
OR.PA-press-noise-86,precursor,1,-0.0077476317473409335,,,,0.0
OR.PA-press-noise-87,precursor,1,-0.0077476317473409335,,,,0.0
OR.PA-press-noise-88,precursor,1,-0.0077476317473409335,,,,0.0
OR.PA-press-noise-89,precursor,1,-0.0077476317473409335,,,,0.0
OR.PA-press-noise-9,precursor,1,0.07796567006150386,,,,1.0
OR.PA-press-noise-90,precursor,1,-0.0077476317473409335,,,,0.0
OR.PA-press-noise-91,precursor,1,-0.0077476317473409335,,,,0.0
OR.PA-press-noise-92,precursor,1,-0.0077476317473409335,,,,0.0
OR.PA-press-noise-93,consequence,0,,,,,
OR.PA-press-noise-94,precursor,1,0.06383122786232454,,,,1.0
OR.PA-press-noise-95,precursor,1,0.06383122786232454,,,,1.0
OR.PA-press-noise-96,precursor,1,0.04921832302183711,,,,1.0
OR.PA-press-noise-97,precursor,1,-0.012243985662895664,,,,0.0
OR.PA-press-noise-98,precursor,1,-0.012243985662895664,,,,0.0
OR.PA-press-noise-99,precursor,1,0.021622046197869692,,,,1.0
