canonical_id,n_events,n_dates,mean_car_market,p_value_market,p_bh_market
TTE.PA-management-1,2,2,-0.1222874760323184,0.022163361825015722,0.16855099857048994
TTE.PA-management-2,3,3,0.0015898171775227954,0.9825783637548012,0.9930657425956918
TTE.PA-management-3,5,2,0.05469471480568846,0.0002829155786995024,0.009172420867310183
TTE.PA-management-5,2,2,-0.01960267410630561,0.8748471035996216,0.9728573975280701
TTE.PA-management-10,3,3,0.027956562112896582,0.43828188972759907,0.7285121026550068
TTE.PA-management-12,4,2,-0.039721342739315914,0.007145972841324083,0.10004361977853717
TTE.PA-management-14,3,3,0.027956562112896582,0.43828188972759907,0.7285121026550068
TTE.PA-management-15,2,2,0.008972008408699293,0.8532705935855678,0.9591508862202732
TTE.PA-management-17,4,2,0.06565799007883982,0.0032631092613111695,0.056359751691587245
TTE.PA-management-21,3,3,0.018479613058803242,0.39074488837218335,0.7285121026550068
TTE.PA-management-24,4,3,0.06267117216447554,0.0790247380064808,0.3499625379342121
TTE.PA-management-26,3,2,0.053446830948399277,0.013355967353897746,0.12279516253732854
TTE.PA-management-27,5,3,-0.0185919402871945,0.4387147134727672,0.7285121026550068
TTE.PA-management-29,3,3,-0.007977727470381063,0.9146178749639068,0.9728573975280701
TTE.PA-management-31,3,3,-0.00450567198578022,0.9111827245969838,0.9728573975280701
TTE.PA-management-32,3,2,0.053446830948399277,0.013355967353897746,0.12279516253732854
TTE.PA-management-33,4,4,0.0020796519262018514,0.9407564846946785,0.9728573975280701
TTE.PA-management-41,2,2,-0.062398556596561974,0.5088002533676408,0.7545790087138966
TTE.PA-management-42,2,2,-0.01960267410630561,0.8748471035996216,0.9728573975280701
TTE.PA-management-43,8,3,0.07139830094457127,0.00280376277322139,0.050797584361893425
TTE.PA-management-45,3,3,-0.0053582542319800365,0.8920388336848011,0.9728573975280701
TTE.PA-management-46,2,2,0.05656654059162225,0.10438527870531326,0.4230350768583748
TTE.PA-management-47,3,2,-0.041384496999265705,0.43361825192742454,0.7285121026550068
TTE.PA-management-50,3,3,0.008936769029211611,0.9090151827036625,0.9728573975280701
TTE.PA-management-51,4,3,-0.03887108905503736,0.48009366896715366,0.7499973666566829
TTE.PA-management-53,3,2,-0.0037731260090520546,0.895901152446254,0.9728573975280701
TTE.PA-management-54,6,4,-0.011343740104296618,0.7451500800151821,0.9093111984272355
TTE.PA-management-55,3,3,-0.010745091272226158,0.7513626623367904,0.9093111984272355
TTE.PA-management-60,3,3,0.018479613058803242,0.39074488837218335,0.7285121026550068
TTE.PA-management-61,3,3,0.051228987568243456,0.06243410044110861,0.3152410317354336
TTE.PA-management-62,4,4,0.04565823506363487,0.17617866007884728,0.49100915410001555
TTE.PA-management-63,5,5,0.0015430771556425526,0.9672631408393115,0.9881162433781359
TTE.PA-management-66,2,2,0.05656654059162225,0.10438527870531326,0.4230350768583748
TTE.PA-management-69,3,3,-0.00816202634315781,0.9126426883792583,0.9728573975280701
TTE.PA-management-71,5,5,0.026399315949598795,0.40753975992536984,0.7285121026550068
TTE.PA-management-72,4,4,0.043553532069167226,0.13266771693649,0.4696742162809071
TTE.PA-management-75,8,4,-0.03981777762440553,0.19137802534025505,0.4912863121665554
TTE.PA-management-85,2,2,0.06565799007883982,0.12597808879630723,0.45897165056238837
TTE.PA-management-89,2,2,-0.012841298921565249,0.9284066987648955,0.9728573975280701
TTE.PA-management-91,3,3,0.017103031938115625,0.6477526376967473,0.863670183595663
TTE.PA-management-92,4,3,-0.037758151913646176,0.5427294541022967,0.7836571982467253
TTE.PA-management-93,3,3,-0.012485310926874637,0.8476450910026355,0.9580722496470155
TTE.PA-management-94,3,3,0.005214823128164921,0.9442433305928426,0.9728573975280701
TTE.PA-management-96,2,2,-0.0626750049057271,0.5060191681647891,0.7545790087138966
TTE.PA-management-98,5,4,-0.053812206218822045,0.3036912211501662,0.6363054157432054
TTE.PA-management-99,2,2,0.012794944607202294,0.4687981817419951,0.7499973666566829
TTE.PA-management-100,2,2,0.011614755043105295,0.8237611245315415,0.9467105461034133
TTE.PA-management-102,3,2,0.014745177563276535,0.6942001536108313,0.8970376720069789
TTE.PA-management-104,2,2,-0.05841595231293423,0.5064535424601955,0.7545790087138966
TTE.PA-management-107,3,3,-0.00450567198578022,0.9111827245969838,0.9728573975280701
TTE.PA-management-109,4,3,-0.020603641112688892,0.43876297091721994,0.7285121026550068
TTE.PA-management-110,2,2,-0.037026811847172963,0.7503246275615993,0.9093111984272355
TTE.PA-management-117,4,3,-0.09035171417262632,0.05981241276231215,0.31224107001342616
TTE.PA-management-118,4,4,0.00842259892615317,0.785998269457641,0.9279532543479904
TTE.PA-management-122,3,2,0.053446830948399277,0.013355967353897746,0.12279516253732854
TTE.PA-management-123,2,2,0.04388064659171961,0.2660653023010878,0.5938269065850366
TTE.PA-management-125,4,2,0.0013347429682396344,0.0023578253220772265,0.044012739345441566
TTE.PA-management-127,2,2,0.024201965237805205,0.4838676924952839,0.7499973666566829
TTE.PA-management-129,7,4,0.07622972701376295,0.00020095393702882289,0.007652233077720183
TTE.PA-management-131,3,3,0.07224158616514594,0.03875715334106527,0.22105931905644635
TTE.PA-management-137,3,3,0.06287507465513999,0.10434192989251276,0.4230350768583748
TTE.PA-management-139,4,4,-0.04113883950601636,0.46679598312896803,0.7499973666566829
TTE.PA-management-140,6,6,0.020241948148008646,0.35977830877929445,0.6991275653250643
TTE.PA-management-144,4,2,-0.039721342739315914,0.007145972841324083,0.10004361977853717
TTE.PA-management-146,3,3,0.02098459684972247,0.6188333021209633,0.8508957904163246
TTE.PA-management-148,3,3,0.07224158616514594,0.03875715334106527,0.22105931905644635
TTE.PA-management-156,2,2,0.05656654059162225,0.10438527870531326,0.4230350768583748
TTE.PA-management-160,3,2,0.059686250234845216,0.010752046843292649,0.12042292464487767
TTE.PA-management-161,2,2,0.011614755043105295,0.8237611245315415,0.9467105461034133
TTE.PA-management-162,2,1,0.10086393078198076,,
TTE.PA-management-164,3,3,0.02098459684972247,0.6188333021209633,0.8508957904163246
TTE.PA-management-165,8,6,0.02932309625891205,0.10868596242321242,0.4347438496928497
TTE.PA-management-166,3,3,0.03801752097686513,0.4905572930911787,0.7499973666566829
TTE.PA-management-167,4,3,0.03057129402133242,0.5081526273441926,0.7545790087138966
TTE.PA-management-168,3,3,-0.00898326018262216,0.8012665332322992,0.9340500249765465
TTE.PA-management-169,4,4,0.04618340428016763,0.1916305099229745,0.4912863121665554
TTE.PA-management-172,3,3,0.027956562112896582,0.43828188972759907,0.7285121026550068
TTE.PA-management-174,3,3,0.0604788071469608,0.18176371006576586,0.49100915410001555
TTE.PA-management-175,5,5,0.04416533775462124,0.03315874691510477,0.20223552573964892
TTE.PA-management-177,2,2,0.038443137665756424,0.22306423219001634,0.5374991556186686
TTE.PA-management-182,4,3,0.06735073662931,0.06340561956258854,0.317543590654915
TTE.PA-management-183,3,1,0.10086393078198076,,
TTE.PA-management-184,5,4,0.06546001858801657,0.002226319995090242,0.044012739345441566
TTE.PA-management-185,5,5,0.05247179757872996,0.017115521544243957,0.1405754836167237
TTE.PA-management-187,4,3,0.0696535342238686,0.03467553400386842,0.20941302888610733
TTE.PA-management-192,2,2,0.040009797020285696,0.49033697894569206,0.7499973666566829
TTE.PA-management-197,3,3,0.05170208371491114,0.21252970654749287,0.5213451482980493
TTE.PA-management-201,2,2,-0.03972134273931591,0.1638917530088696,0.49100915410001555
TTE.PA-management-202,3,3,-0.0183497716926281,0.4955339743981655,0.7499973666566829
TTE.PA-management-203,4,4,0.021836728706160026,0.5918139819618815,0.8285395747466342
TTE.PA-management-204,4,2,-0.039721342739315914,0.007145972841324083,0.10004361977853717
TTE.PA-management-213,3,3,0.07739330364655346,0.031122088867919243,0.1959219575951965
TTE.PA-management-218,2,2,-0.03972134273931591,0.1638917530088696,0.49100915410001555
TTE.PA-management-220,2,2,0.045159519961019336,0.2743873242148456,0.6015038851115475
TTE.PA-management-222,3,2,0.03539410955839592,0.1743050853129162,0.49100915410001555
TTE.PA-management-224,2,2,-0.03972134273931591,0.1638917530088696,0.49100915410001555
TTE.PA-management-226,4,4,0.00842259892615317,0.785998269457641,0.9279532543479904
TTE.PA-management-227,3,3,-0.00450567198578022,0.9111827245969838,0.9728573975280701
TTE.PA-management-229,3,3,-0.010745091272226158,0.7513626623367904,0.9093111984272355
TTE.PA-management-230,2,2,0.06565799007883982,0.12597808879630723,0.45897165056238837
TTE.PA-management-232,2,2,-0.012841298921565249,0.9284066987648955,0.9728573975280701
TTE.PA-management-235,3,2,0.053446830948399277,0.013355967353897746,0.12279516253732854
TTE.PA-management-239,2,1,0.06592566952129116,,
TTE.PA-management-241,9,5,0.055968520563633474,4.110324884999343e-05,0.0016879734194397303
TTE.PA-management-242,3,2,0.053446830948399277,0.013355967353897746,0.12279516253732854
TTE.PA-management-245,2,2,-0.037026811847172963,0.7503246275615993,0.9093111984272355
TTE.PA-management-248,4,4,0.028537871875033722,0.6070600142186601,0.8441285976494235
TTE.PA-management-251,6,6,0.01225712246192314,0.7039334461262434,0.9012093641371323
TTE.PA-management-252,3,2,0.053446830948399277,0.013355967353897746,0.12279516253732854
TTE.PA-management-258,3,2,0.06764146012587287,0.17868938497821257,0.49100915410001555
TTE.PA-management-259,3,2,0.03441898946976497,0.40903501867039566,0.7285121026550068
TTE.PA-management-260,8,2,0.03857179830177846,0.07225314564122516,0.3389604167843134
TTE.PA-management-263,4,4,0.06662247922399765,0.011725049239127962,0.12279516253732854
TTE.PA-management-266,3,1,0.04720741166195334,,
TTE.PA-management-268,6,4,-0.025102815450717516,0.4780999001659341,0.7499973666566829
TTE.PA-management-270,2,2,0.06565799007883982,0.12597808879630723,0.45897165056238837
TTE.PA-management-271,2,2,0.00659431607430732,0.9263857844135028,0.9728573975280701
TTE.PA-management-273,3,3,-0.08112614441699324,0.1880096609271313,0.49100915410001555
TTE.PA-management-275,2,2,0.05103022479781892,0.4924483231929101,0.7499973666566829
TTE.PA-management-276,3,3,-0.004471149147288922,0.9484731477129767,0.9728573975280701
TTE.PA-management-281,2,2,-0.03972134273931591,0.1638917530088696,0.49100915410001555
TTE.PA-management-283,7,7,0.023456863507954312,0.25709999962937474,0.5938269065850366
TTE.PA-management-285,6,3,0.0545668129494949,0.01610291816476283,0.1377694109651931
TTE.PA-management-286,5,5,0.01032006445146767,0.6853520025250942,0.8970376720069789
TTE.PA-management-287,3,3,-0.0053582542319800365,0.8920388336848011,0.9728573975280701
TTE.PA-management-288,8,5,0.014274250499761354,0.4133839299012198,0.7285121026550068
TTE.PA-management-291,4,4,0.00842259892615317,0.785998269457641,0.9279532543479904
TTE.PA-management-295,2,1,-0.12654652862511126,,
TTE.PA-management-299,4,4,0.03907569248959762,0.19986747987648557,0.5025239494037351
TTE.PA-management-304,3,3,0.04435513186322232,0.1889109894832852,0.49100915410001555
TTE.PA-management-307,6,2,0.05656654059162225,3.9729554556527244e-05,0.0016879734194397303
TTE.PA-management-308,7,5,0.009546321116186278,0.718490840267516,0.9044561867800796
TTE.PA-management-309,2,2,0.045159519961019336,0.2743873242148456,0.6015038851115475
TTE.PA-management-310,6,5,0.01860643697465719,0.56630881876237,0.8102541992928698
TTE.PA-management-313,6,5,0.06388485448429855,0.0017026427884765836,0.04033953683467598
TTE.PA-management-315,2,2,0.04388064659171961,0.2660653023010878,0.5938269065850366
TTE.PA-management-316,4,4,-0.02831474297673929,0.639570706738458,0.8613404422363709
TTE.PA-management-317,3,1,0.0011965188136570746,,
TTE.PA-management-320,3,3,-0.0183497716926281,0.4955339743981655,0.7499973666566829
TTE.PA-management-323,4,4,0.026426327500209453,0.2822223700896171,0.606441991362327
TTE.PA-management-325,4,3,0.04435512142832178,0.26833849294841405,0.5961027739511883
TTE.PA-management-333,5,5,0.02747712830645598,0.5262593509136196,0.768189005125094
TTE.PA-management-341,3,3,-0.08112614441699324,0.1880096609271313,0.49100915410001555
TTE.PA-management-345,5,5,0.019411663697460876,0.47381116868555967,0.7499973666566829
TTE.PA-management-347,7,5,0.01574956437655986,0.48432262086751,0.7499973666566829
TTE.PA-management-349,3,3,-0.00898326018262216,0.8012665332322992,0.9340500249765465
TTE.PA-management-350,4,3,0.034048085763800334,0.5590439086978233,0.8027297150532846
TTE.PA-management-352,3,3,-0.012485310926874637,0.8476450910026355,0.9580722496470155
TTE.PA-management-355,2,2,-0.03972134273931591,0.1638917530088696,0.49100915410001555
TTE.PA-management-358,3,2,-0.043207325370902966,0.025062581271539004,0.17543806890077304
TTE.PA-management-359,2,2,0.06565799007883982,0.12597808879630723,0.45897165056238837
TTE.PA-management-361,4,2,0.05656654059162224,0.001860932910443494,0.04094052402975686
TTE.PA-management-362,4,4,0.026408345578637287,0.6461431447175067,0.8633930089934578
TTE.PA-management-367,2,1,-0.12654652862511126,,
TTE.PA-management-369,5,5,0.004290829985548786,0.8431722215582447,0.9580722496470155
TTE.PA-management-370,3,3,-0.06866307136791437,0.14589033526468734,0.49100915410001555
TTE.PA-management-371,3,3,0.027956562112896582,0.43828188972759907,0.7285121026550068
TTE.PA-management-372,4,3,0.054368560112793896,0.2262390065532661,0.5422693697930424
TTE.PA-management-375,2,1,0.05249290493076534,,
TTE.PA-management-376,7,6,0.045671760280866155,0.024525876711420154,0.17543806890077304
TTE.PA-management-377,6,4,-0.007625381629003194,0.7288694800281958,0.9093111984272355
TTE.PA-management-378,3,2,-0.06862854852942306,0.35776585445826853,0.6991275653250643
TTE.PA-management-380,6,4,0.024470579481309526,0.29156278148024584,0.6171913174977025
TTE.PA-management-382,10,6,0.012977029659285932,0.4161065240904737,0.7285121026550068
TTE.PA-management-386,4,1,0.0017494154319873138,,
TTE.PA-management-388,3,3,0.02098459684972247,0.6188333021209633,0.8508957904163246
TTE.PA-management-389,3,3,0.049972954698691285,0.02788907877030052,0.18930910644605636
TTE.PA-management-390,2,2,0.03255866910733951,0.4824291283093737,0.7499973666566829
TTE.PA-management-398,5,3,0.005491575908130664,0.9239681647271916,0.9728573975280701
TTE.PA-management-403,3,3,-0.08112614441699324,0.1880096609271313,0.49100915410001555
TTE.PA-management-404,4,4,0.060279532224046334,0.03180551259662281,0.1959219575951965
TTE.PA-management-405,9,7,0.03977934674270314,0.06642533405002819,0.3247460775779156
TTE.PA-management-407,4,4,0.04759365984935182,0.11749349649184268,0.449540334403572
TTE.PA-management-408,3,3,0.05950779727321099,0.02594989468566687,0.17960825984686285
TTE.PA-management-412,4,4,-0.03501588614561299,0.4418197456898022,0.7316154928626832
TTE.PA-management-413,2,2,0.04388064659171961,0.2660653023010878,0.5938269065850366
TTE.PA-management-418,3,3,0.0340175284377083,0.40557278622772214,0.7285121026550068
TTE.PA-management-424,2,2,-0.1222874760323184,0.022163361825015722,0.16855099857048994
TTE.PA-management-427,2,2,0.04028624532945081,0.48587304999525016,0.7499973666566829
TTE.PA-management-429,2,2,0.06565799007883982,0.12597808879630723,0.45897165056238837
TTE.PA-management-433,2,2,0.011614755043105295,0.8237611245315415,0.9467105461034133
TTE.PA-management-437,8,3,-0.021732200402702045,0.585503684326244,0.8243390658338308
TTE.PA-management-440,5,4,-0.002736345013725193,0.8934354189359527,0.9728573975280701
TTE.PA-management-441,3,3,-0.024285701626896288,0.6929790346304742,0.8970376720069789
TTE.PA-management-443,3,2,0.018295314186026496,0.3966429851974594,0.7285121026550068
TTE.PA-management-445,3,3,-0.00450567198578022,0.9111827245969838,0.9728573975280701
TTE.PA-management-448,2,2,0.04388064659171961,0.2660653023010878,0.5938269065850366
TTE.PA-management-450,4,4,0.011899390668621076,0.8021306220983655,0.9340500249765465
TTE.PA-management-451,2,2,-0.03972134273931591,0.1638917530088696,0.49100915410001555
TTE.PA-management-456,2,2,0.05528766722232252,0.09238747167653438,0.39521307328295263
TTE.PA-management-458,3,3,-0.08112614441699324,0.1880096609271313,0.49100915410001555
TTE.PA-management-461,3,2,0.07004635179486465,0.015339478711837096,0.1330861814998824
TTE.PA-management-462,3,2,0.014745177563276535,0.6942001536108313,0.8970376720069789
TTE.PA-management-464,3,1,0.0017494154319873138,,
TTE.PA-management-466,2,2,0.018331137338368202,0.7659522401357804,0.919739921878442
TTE.PA-management-467,9,5,0.05840528562053539,0.04018100807925624,0.22707799061304443
TTE.PA-management-468,3,3,0.04779583894108771,0.18151100062691083,0.49100915410001555
TTE.PA-management-472,3,2,-0.00046418327752734595,0.9867968289492761,0.9930657425956918
TTE.PA-management-476,5,2,0.0815155204414946,0.0023389040955525226,0.044012739345441566
TTE.PA-management-478,3,3,-0.08112614441699324,0.1880096609271313,0.49100915410001555
TTE.PA-management-487,3,2,0.059686250234845216,0.010752046843292649,0.12042292464487767
TTE.PA-management-493,9,7,0.009779947513282292,0.6931731560573409,0.8970376720069789
TTE.PA-management-495,4,3,0.07116820396760644,0.008885675957220862,0.1164590721201713
TTE.PA-management-497,3,2,-0.12370716022991601,0.0005263938328982275,0.014767802332716925
TTE.PA-management-498,4,2,0.05103022479781892,0.1742280119018878,0.49100915410001555
TTE.PA-management-500,12,7,-0.024336074028576914,0.37658640017553224,0.7181957353192813
TTE.PA-management-502,9,2,-0.12276070409818428,5.438128117749323e-13,6.699773841067165e-11
TTE.PA-management-504,5,4,0.0008854001720115842,0.9714344114936025,0.9907344329140052
TTE.PA-management-505,4,3,0.05788791390882524,0.0012001405608419824,0.029571463419146446
TTE.PA-management-506,4,4,-0.012115933619985336,0.7794197103146016,0.9279532543479904
TTE.PA-management-507,3,3,0.02189384569312666,0.606541315247486,0.8441285976494235
TTE.PA-management-509,2,1,-0.05017929063407707,,
TTE.PA-management-510,4,4,-0.029662008422810762,0.5200380095195207,0.7637013010771169
TTE.PA-management-512,2,2,0.040009797020285696,0.49033697894569206,0.7499973666566829
TTE.PA-management-513,7,4,0.01321439756537134,0.7119806612295572,0.9012093641371323
TTE.PA-management-514,3,3,0.06489463431345711,0.013575400503755764,0.12297715750461104
TTE.PA-management-516,3,3,-0.0053582542319800365,0.8920388336848011,0.9728573975280701
TTE.PA-management-517,4,4,0.017034343578815024,0.7469792719312115,0.9093111984272355
TTE.PA-management-519,10,10,0.035482811864136946,0.04573364575838687,0.2515350516711278
TTE.PA-management-520,3,3,0.04417083299044557,0.19220779420801923,0.4912863121665554
TTE.PA-management-524,2,1,0.05249290493076534,,
TTE.PA-management-525,6,4,0.024470579481309526,0.29156278148024584,0.6171913174977025
TTE.PA-management-526,6,5,0.017548529627885587,0.3999799047634937,0.7285121026550068
TTE.PA-management-527,2,2,-0.0626750049057271,0.5060191681647891,0.7545790087138966
TTE.PA-management-530,3,3,0.0009156878929572019,0.9898415031716798,0.9930657425956918
TTE.PA-management-531,7,7,0.021485380919694427,0.3486004274375294,0.6991275653250643
TTE.PA-management-535,8,7,-0.022545308750906483,0.42885422860335715,0.7285121026550068
TTE.PA-management-536,4,3,0.05086303027632079,0.014146076533916339,0.12628961079554296
TTE.PA-management-537,6,5,0.0428569241416176,0.00921057552093844,0.1182023858520433
TTE.PA-management-538,11,8,0.015192722482861083,0.5108065995078738,0.7545790087138966
TTE.PA-management-540,6,3,0.007456813700609371,0.7933751776435325,0.9297268298399016
TTE.PA-management-541,5,4,-0.05105213059525819,0.3157335923266269,0.6526573586349066
TTE.PA-management-545,6,6,0.05361510325918115,0.014901524435295611,0.13113341503060139
TTE.PA-management-548,8,8,0.03481184249102334,0.11281119843714342,0.43982087491949584
TTE.PA-management-550,4,4,0.048970105438507106,0.061888007500896396,0.3152410317354336
TTE.PA-management-553,3,3,0.027956562112896582,0.43828188972759907,0.7285121026550068
TTE.PA-management-554,3,3,-0.08112614441699324,0.1880096609271313,0.49100915410001555
TTE.PA-management-556,4,3,0.051761564864292134,0.08440586365800186,0.36875185825056134
TTE.PA-management-557,7,4,0.01760146482482654,0.6450689747812037,0.8633930089934578
TTE.PA-management-561,9,7,0.03159160672699679,0.06536313306207103,0.32210951972988605
TTE.PA-management-564,2,2,0.06565799007883982,0.12597808879630723,0.45897165056238837
TTE.PA-management-566,2,2,-0.03972134273931591,0.1638917530088696,0.49100915410001555
TTE.PA-management-568,7,5,0.01845347209852073,0.35316510581438887,0.6991275653250643
TTE.PA-management-572,3,2,-0.043207325370902966,0.025062581271539004,0.17543806890077304
TTE.PA-management-575,5,5,0.02234805704507752,0.4735557262599756,0.7499973666566829
TTE.PA-management-577,3,3,-0.00450567198578022,0.9111827245969838,0.9728573975280701
TTE.PA-management-578,5,5,0.011105203873352149,0.6388489713488773,0.8613404422363709
TTE.PA-management-579,6,3,-0.010335467482471291,0.7863499980026801,0.9279532543479904
TTE.PA-management-583,7,5,-0.0034008002788657107,0.9251148429781926,0.9728573975280701
TTE.PA-management-586,3,3,0.018479613058803242,0.39074488837218335,0.7285121026550068
TTE.PA-management-587,7,7,0.007818163887138832,0.8331119134546577,0.9521279010910374
TTE.PA-management-588,3,3,-0.010745091272226158,0.7513626623367904,0.9093111984272355
TTE.PA-management-591,3,3,-0.00816202634315781,0.9126426883792583,0.9728573975280701
TTE.PA-management-598,3,3,-0.010745091272226158,0.7513626623367904,0.9093111984272355
TTE.PA-management-599,3,3,-0.07339386055462976,0.2725762361463583,0.6015038851115475
TTE.PA-management-600,3,3,0.011776137424406858,0.8755449455897859,0.9728573975280701
TTE.PA-management-601,3,3,0.04798013781386445,0.17842034167023885,0.49100915410001555
TTE.PA-management-602,4,3,0.00026582185082452137,0.9955765341840938,0.9963465102696575
TTE.PA-management-603,5,5,0.011616753221072038,0.6286421634941076,0.8538671081207477
TTE.PA-management-604,3,2,0.08836526144888442,0.0194251620905568,0.1554012967244544
TTE.PA-management-606,4,4,0.01000945994631057,0.8447991767911689,0.9580722496470155
TTE.PA-management-608,5,5,0.03713066899865925,0.21369411666086321,0.5213451482980493
TTE.PA-management-609,8,4,0.033953909379158605,0.07785417810612512,0.3499625379342121
TTE.PA-management-610,3,2,0.053446830948399277,0.013355967353897746,0.12279516253732854
TTE.PA-management-614,3,2,-0.015955225445796268,0.6869201940622917,0.8970376720069789
TTE.PA-management-617,3,3,-0.0604023430939817,0.4322866257157725,0.7285121026550068
TTE.PA-management-620,6,6,0.03556290028558463,0.2141239001938417,0.5213451482980493
TTE.PA-management-622,3,1,-0.12654652862511126,,
TTE.PA-management-623,3,3,0.055142790792776515,0.19822748250673028,0.5004431525579748
TTE.PA-management-624,3,2,0.08836526144888442,0.0194251620905568,0.1554012967244544
TTE.PA-management-625,3,1,0.05249290493076534,,
TTE.PA-management-626,4,4,0.027065764184859314,0.28046357737120015,0.6061949602128396
TTE.PA-management-627,4,4,0.027065764184859314,0.28046357737120015,0.6061949602128396
TTE.PA-management-628,6,3,-0.030462190953151617,0.11361714922206835,0.4401771315773214
TTE.PA-management-629,3,3,0.04435513186322232,0.1889109894832852,0.49100915410001555
TTE.PA-management-630,3,3,0.050141285763205055,0.08640801579118305,0.3722191449466347
TTE.PA-management-631,3,3,-0.00450567198578022,0.9111827245969838,0.9728573975280701
TTE.PA-management-632,5,5,-0.03435553023765578,0.4016567957520371,0.7285121026550068
TTE.PA-management-634,3,3,-0.00450567198578022,0.9111827245969838,0.9728573975280701
TTE.PA-management-637,3,2,0.05814516553587982,0.11260361989738331,0.43982087491949584
TTE.PA-management-645,3,2,-0.12086779183472078,0.0005513952169683268,0.014767802332716925
TTE.PA-management-646,6,5,0.017433713563598508,0.5993683768925133,0.8372129708974789
TTE.PA-management-648,4,2,0.04028624532945081,0.1678765973076278,0.49100915410001555
TTE.PA-management-650,7,6,0.017054979451616988,0.47262831136035677,0.7499973666566829
TTE.PA-management-656,4,2,0.05656654059162224,0.001860932910443494,0.04094052402975686
TTE.PA-management-661,3,2,-0.043207325370902966,0.025062581271539004,0.17543806890077304
TTE.PA-management-663,7,3,0.053740718066080405,2.163151169545506e-05,0.0012113646549454834
TTE.PA-management-666,6,3,0.04417083299044557,0.027966117997712873,0.18930910644605636
TTE.PA-management-671,3,3,-0.004471149147288922,0.9484731477129767,0.9728573975280701
TTE.PA-management-677,3,3,0.03887010322306495,0.48421228332874416,0.7499973666566829
TTE.PA-management-678,2,2,-0.03972134273931591,0.1638917530088696,0.49100915410001555
TTE.PA-management-680,2,2,-0.03972134273931591,0.1638917530088696,0.49100915410001555
TTE.PA-management-683,2,2,0.04388064659171961,0.2660653023010878,0.5938269065850366
TTE.PA-management-684,3,3,0.027956562112896582,0.43828188972759907,0.7285121026550068
TTE.PA-management-685,5,5,0.04857350886563453,0.04566238594691209,0.2515350516711278
TTE.PA-management-688,5,5,0.030142967521466356,0.36417053953318995,0.7020719022897854
TTE.PA-management-690,2,1,-0.05017929063407707,,
TTE.PA-management-694,5,4,-0.059096237433842826,0.2063210085119104,0.5145495596896227
TTE.PA-management-696,2,2,0.00659431607430732,0.9263857844135028,0.9728573975280701
TTE.PA-management-700,4,4,0.00842259892615317,0.785998269457641,0.9279532543479904
TTE.PA-management-709,4,3,0.003193624978772588,0.924570520921094,0.9728573975280701
TTE.PA-management-712,2,1,-0.05017929063407707,,
TTE.PA-management-716,2,2,-0.0626750049057271,0.5060191681647891,0.7545790087138966
TTE.PA-management-719,5,4,0.034955616203219006,0.3348782830943768,0.6853323002861664
TTE.PA-management-721,3,3,-0.08112614441699324,0.1880096609271313,0.49100915410001555
TTE.PA-management-723,3,2,-0.12086779183472078,0.0005513952169683268,0.014767802332716925
TTE.PA-management-726,4,4,0.058344107438329365,0.0726421773446075,0.3389604167843134
TTE.PA-management-729,4,3,0.05372912342814405,0.2298448299721407,0.546657973987794
TTE.PA-management-735,8,6,0.028582663266546043,0.12762112476894735,0.45897165056238837
TTE.PA-management-736,5,5,0.047025169037060964,0.07953694043959367,0.3499625379342121
TTE.PA-management-737,4,4,0.0020796519262018514,0.9407564846946785,0.9728573975280701
TTE.PA-management-743,5,5,0.04920017260744623,0.07318463544206766,0.3389604167843134
TTE.PA-management-745,3,3,0.019499299446294825,0.5432169215119346,0.7836571982467253
TTE.PA-management-746,3,2,0.059686250234845216,0.010752046843292649,0.12042292464487767
TTE.PA-management-748,4,4,-0.000639102536779743,0.980154968236293,0.9930657425956918
TTE.PA-management-750,8,8,0.014028424662746505,0.5811868210583999,0.8230139810849986
TTE.PA-management-751,6,6,0.020241948148008646,0.35977830877929445,0.6991275653250643
TTE.PA-management-752,7,7,0.03175937423857609,0.17252535706700634,0.49100915410001555
TTE.PA-management-754,2,2,0.026844711872211206,0.4854914553653483,0.7499973666566829
TTE.PA-management-756,2,1,0.04720741166195334,,
TTE.PA-management-757,3,3,0.013414357226053553,0.8670340564648034,0.9728469558876481
TTE.PA-management-759,3,3,-0.010745091272226158,0.7513626623367904,0.9093111984272355
TTE.PA-management-760,7,4,0.014404003691031857,0.7132238296346297,0.9012093641371323
TTE.PA-management-763,4,4,0.0027190886108517127,0.9241141744507941,0.9728573975280701
TTE.PA-management-764,4,3,0.0723722886868502,0.028740281808993018,0.19127425510023358
TTE.PA-management-766,9,7,0.0032653626482846204,0.9005983986786947,0.9728573975280701
TTE.PA-management-770,11,8,0.031402316286829476,0.09420789376669113,0.40022112110539126
TTE.PA-management-772,20,7,0.011980599172816185,0.2539071283913401,0.5938269065850366
TTE.PA-management-773,6,6,0.020241948148008646,0.35977830877929445,0.6991275653250643
TTE.PA-management-774,3,3,0.056380705049651,0.07536608024568037,0.346458995756262
TTE.PA-management-776,3,3,0.0015898171775227954,0.9825783637548012,0.9930657425956918
TTE.PA-management-777,3,3,-0.010745091272226158,0.7513626623367904,0.9093111984272355
TTE.PA-management-778,3,3,0.02098459684972247,0.6188333021209633,0.8508957904163246
TTE.PA-management-782,5,5,0.019661504126972363,0.5120357559130012,0.7545790087138966
TTE.PA-management-788,2,1,0.07882307522691431,,
TTE.PA-management-789,6,4,-0.04689787710832231,0.23873122533225044,0.5634422789450815
TTE.PA-management-794,3,3,0.058833667988645394,0.009774940326341911,0.12042292464487767
TTE.PA-management-795,3,3,0.04233557220490519,0.29347853994968653,0.6191191116746811
TTE.PA-management-797,7,7,0.033967253159179325,0.16001731791631135,0.49100915410001555
TTE.PA-management-798,4,4,-0.015647396065778953,0.694621703810599,0.8970376720069789
TTE.PA-management-817,2,1,0.0017494154319873138,,
TTE.PA-management-818,6,3,0.04345594720026515,0.03700868371697648,0.21920528047747606
TTE.PA-management-826,13,9,0.029848345271310188,0.03863753592395916,0.22105931905644635
TTE.PA-management-829,3,2,0.05774596618360699,0.0317290943929439,0.1959219575951965
TTE.PA-management-830,3,3,0.03068948511800866,0.24404103228413476,0.5737758621642253
TTE.PA-management-832,3,3,0.019499299446294825,0.5432169215119346,0.7836571982467253
TTE.PA-management-834,3,3,0.027956562112896582,0.43828188972759907,0.7285121026550068
TTE.PA-management-835,3,3,0.04584215052799734,0.06228039911712337,0.3152410317354336
TTE.PA-management-837,3,3,-0.0183497716926281,0.4955339743981655,0.7499973666566829
TTE.PA-management-838,3,3,-0.014218967521934155,0.6418104918611919,0.8613404422363709
TTE.PA-management-839,7,5,0.004613942820965111,0.8459044804453678,0.9580722496470155
TTE.PA-management-840,3,3,-0.0183497716926281,0.4955339743981655,0.7499973666566829
TTE.PA-management-847,6,5,0.03881637090644827,0.038406159787450087,0.22105931905644635
TTE.PA-management-849,3,3,0.0400559966280146,0.17689833384979922,0.49100915410001555
TTE.PA-management-850,3,2,0.03478758721531846,0.40280187021086616,0.7285121026550068
TTE.PA-management-852,3,3,0.04417083299044557,0.19220779420801923,0.4912863121665554
TTE.PA-management-853,7,2,-0.1241127842863725,2.769014799523393e-10,2.84285519417735e-08
TTE.PA-management-856,4,3,-0.010695102700473854,0.7085588607521434,0.9012093641371323
TTE.PA-management-859,7,7,0.03020580025972947,0.18488945231727016,0.49100915410001555
TTE.PA-management-860,5,5,0.028039069752666047,0.33921946130825814,0.6908007824038824
TTE.PA-management-861,4,3,0.05396113340434125,0.004976179753545172,0.07663316820459566
TTE.PA-management-862,4,4,-0.0030542321570524254,0.9482676005880156,0.9728573975280701
TTE.PA-management-864,8,8,-0.0004181780381340046,0.9862207758177053,0.9930657425956918
TTE.PA-management-865,2,2,0.026844711872211206,0.4854914553653483,0.7499973666566829
TTE.PA-management-866,5,5,0.019411663697460876,0.47381116868555967,0.7499973666566829
TTE.PA-management-867,3,3,0.027956562112896582,0.43828188972759907,0.7285121026550068
TTE.PA-management-868,6,3,-0.020370516046754543,0.30326589864811576,0.6363054157432054
TTE.PA-management-870,5,3,-0.0012525148552778545,0.9415427090939056,0.9728573975280701
TTE.PA-management-871,2,2,-0.03972134273931591,0.1638917530088696,0.49100915410001555
TTE.PA-management-875,4,3,-0.06054547860933067,0.18836560883312356,0.49100915410001555
TTE.PA-management-876,3,3,0.034392515026223015,0.5207054325525797,0.7637013010771169
TTE.PA-management-877,2,2,-0.03972134273931591,0.1638917530088696,0.49100915410001555
TTE.PA-management-878,12,8,0.020898902572422644,0.1758602321028833,0.49100915410001555
TTE.PA-management-880,4,2,-0.0626750049057271,0.18776619084147936,0.49100915410001555
TTE.PA-management-883,4,4,-0.0490427553972566,0.3402115782097139,0.6908007824038824
TTE.PA-management-884,2,2,0.05130667310698404,0.48895937538782236,0.7499973666566829
TTE.PA-management-885,2,2,0.0011568071483441349,0.9856568433881676,0.9930657425956918
TTE.PA-management-887,3,3,-0.024285701626896288,0.6929790346304742,0.8970376720069789
TTE.PA-management-894,8,5,0.04256345445569735,0.1379449548408787,0.4855662410398931
TTE.PA-management-895,6,4,-0.03076132813339903,0.35430188797758616,0.6991275653250643
TTE.PA-management-897,2,2,0.06262865059136413,0.34893767975586826,0.6991275653250643
TTE.PA-management-898,2,2,0.04388064659171961,0.2660653023010878,0.5938269065850366
TTE.PA-management-900,3,2,0.059686250234845216,0.010752046843292649,0.12042292464487767
TTE.PA-management-901,2,1,0.06592566952129116,,
TTE.PA-management-903,6,5,0.022262651481255946,0.37627608133675117,0.7181957353192813
TTE.PA-management-904,2,2,-0.037026811847172963,0.7503246275615993,0.9093111984272355
TTE.PA-management-906,2,2,0.05920928722602825,0.07190734519171664,0.3389604167843134
TTE.PA-management-907,2,2,0.025342320073951846,0.7938901176879679,0.9297268298399016
TTE.PA-management-909,3,2,-0.02532173695580221,0.4155290366219464,0.7285121026550068
TTE.PA-management-910,2,2,0.04388064659171961,0.2660653023010878,0.5938269065850366
TTE.PA-management-912,4,3,0.01922973345765825,0.41105661579733793,0.7285121026550068
TTE.PA-management-914,3,3,-0.0053582542319800365,0.8920388336848011,0.9728573975280701
TTE.PA-management-915,10,8,0.023153951974550564,0.17878478051504354,0.49100915410001555
TTE.PA-management-917,9,4,-0.05292315184434487,0.028877444357665136,0.19127425510023358
TTE.PA-management-924,5,3,0.05740506614322136,0.004795331416006219,0.07574164492973925
TTE.PA-management-926,2,2,-0.062398556596561974,0.5088002533676408,0.7545790087138966
TTE.PA-management-929,3,3,0.027956562112896582,0.43828188972759907,0.7285121026550068
TTE.PA-management-931,2,2,0.07109549900480301,0.0689254695638144,0.33431566339613916
TTE.PA-management-932,4,4,0.06111226533523103,0.0032937517222356182,0.056359751691587245
TTE.PA-management-933,2,2,0.04028624532945081,0.48587304999525016,0.7499973666566829
TTE.PA-management-936,7,2,0.04666454319042991,0.0010289904156582609,0.026410754001895364
TTE.PA-management-938,3,3,-0.040966149294444254,0.42789192846618945,0.7285121026550068
TTE.PA-management-940,3,3,0.058833667988645394,0.009774940326341911,0.12042292464487767
TTE.PA-management-941,5,5,0.03343398470556078,0.17516177062328922,0.49100915410001555
TTE.PA-management-942,8,7,0.018997124447175336,0.32536252062625853,0.6680777090192509
TTE.PA-management-943,5,4,0.003344310655452434,0.8735717485794223,0.9728573975280701
TTE.PA-management-944,6,6,0.03357998824735568,0.08614078932642485,0.3722191449466347
TTE.PA-management-945,4,4,0.06662247922399765,0.011725049239127962,0.12279516253732854
TTE.PA-management-949,6,6,0.029785988182747275,0.40199580736683427,0.7285121026550068
TTE.PA-management-960,4,2,-0.12228747603231839,1.7904002464682385e-05,0.0011028865518244349
TTE.PA-management-964,2,1,-0.12654652862511126,,
TTE.PA-management-974,3,3,0.04994025262530714,0.22337627246490122,0.5374991556186686
TTE.PA-management-983,3,3,0.013379916429320534,0.7316706701846074,0.9093111984272355
TTE.PA-management-985,6,5,0.0620723515089775,0.002084340849389735,0.042798465440802555
TTE.PA-management-988,4,4,0.03544421644402043,0.3126084710275875,0.6483731250942556
TTE.PA-management-991,4,4,0.019958052394289313,0.19807933059695804,0.5004431525579748
TTE.PA-management-994,4,3,-0.010695102700473854,0.7085588607521434,0.9012093641371323
TTE.PA-management-995,3,3,-0.024285701626896288,0.6929790346304742,0.8970376720069789
TTE.PA-management-996,5,5,0.05219978912179708,0.0784626451165857,0.3499625379342121
TTE.PA-management-999,19,10,0.04114792330935659,0.0037642547058814044,0.06266975402224176
TTE.PA-management-1001,4,3,0.07939717231935464,0.008058572150108545,0.10791479227101879
TTE.PA-management-1002,7,4,-0.007374898342451542,0.8201854167404525,0.9467105461034133
TTE.PA-management-1012,3,3,0.017713492461261273,0.8295535059737094,0.951225762892415
TTE.PA-management-1013,3,3,-0.010745091272226158,0.7513626623367904,0.9093111984272355
TTE.PA-management-1014,4,2,-0.12228747603231839,1.7904002464682385e-05,0.0011028865518244349
TTE.PA-management-1015,3,3,-0.040966149294444254,0.42789192846618945,0.7285121026550068
TTE.PA-management-1017,5,3,0.0771073493304813,0.0020530781691966552,0.042798465440802555
TTE.PA-management-1018,3,2,0.05294755642249523,0.17735367863926504,0.49100915410001555
TTE.PA-management-1019,6,5,0.028054828926336827,0.2791757571307408,0.6061949602128396
TTE.PA-management-1020,3,3,-0.004471149147288922,0.9484731477129767,0.9728573975280701
TTE.PA-management-1031,5,3,-0.022335591859062066,0.28254683688472054,0.606441991362327
TTE.PA-management-1034,2,1,-0.02926339484455475,,
TTE.PA-management-1040,9,9,0.01776815776337011,0.4801007663210566,0.7499973666566829
TTE.PA-management-1041,3,3,-0.0002065367505725025,0.9963465102696575,0.9963465102696575
TTE.PA-management-1044,5,5,0.012765622154459208,0.7581822107677664,0.9157651800645963
TTE.PA-management-1048,4,4,0.012462726706337761,0.7096557963452951,0.9012093641371323
TTE.PA-management-1049,3,3,0.027956562112896582,0.43828188972759907,0.7285121026550068
TTE.PA-management-1051,3,3,0.05170208371491114,0.21252970654749287,0.5213451482980493
TTE.PA-management-1052,6,6,0.009453756363402968,0.6211609090671308,0.8520930212771209
TTE.PA-management-1057,4,4,-0.04113883950601636,0.46679598312896803,0.7499973666566829
TTE.PA-management-1059,4,4,-0.04113883950601636,0.46679598312896803,0.7499973666566829
TTE.PA-management-1061,3,3,-0.08112614441699324,0.1880096609271313,0.49100915410001555
TTE.PA-management-1063,9,9,0.02382072622930563,0.17422828682786007,0.49100915410001555
TTE.PA-management-1064,3,3,0.03152315137137613,0.5225451210849162,0.764579084532799
TTE.PA-management-1065,3,2,0.038237470107595393,0.1098949464762943,0.43674378728643415
TTE.PA-management-1066,3,3,0.07047975507554192,0.04726826930798276,0.25541450783962616
TTE.PA-management-1069,3,2,0.03738488786139558,0.1025242909884047,0.4230350768583748
TTE.PA-management-1077,3,1,-0.029263394844554747,7.028151148707101e-33,1.4431137025345247e-30
TTE.PA-management-1090,3,3,0.009946767802164774,0.8156368776254785,0.9462002196182575
TTE.PA-management-1092,8,5,0.005570843768502443,0.7651589560527288,0.919739921878442
TTE.PA-management-1093,4,4,0.03525092001748559,0.3572538707198125,0.6991275653250643
TTE.PA-management-1098,2,1,-0.12654652862511126,,
TTE.PA-management-1101,3,3,-0.007776694332483143,0.9108384732332285,0.9728573975280701
TTE.PA-management-1102,2,2,0.04028624532945081,0.48587304999525016,0.7499973666566829
TTE.PA-management-1110,5,4,0.027091686643396222,0.17154738923801072,0.49100915410001555
TTE.PA-management-1117,3,3,-0.030814000228991435,0.6306972957710069,0.8538671081207477
TTE.PA-management-1118,3,3,-0.030814000228991435,0.6306972957710069,0.8538671081207477
TTE.PA-management-1120,3,2,0.061269628362815,0.01990911280774215,0.15723094217396363
TTE.PA-management-1121,2,2,0.06565799007883982,0.12597808879630723,0.45897165056238837
TTE.PA-management-1124,3,3,0.07739330364655346,0.031122088867919243,0.1959219575951965
TTE.PA-management-1127,9,8,0.010278668925122974,0.6546000673610366,0.8690380204620659
TTE.PA-management-1128,7,7,-0.01354640829711347,0.5669148699597839,0.8102541992928698
TTE.PA-management-1129,9,8,-0.0013831501525424729,0.9491676881726787,0.9728573975280701
TTE.PA-management-1134,6,5,0.03231432635800509,0.2690204077247246,0.5961027739511883
TTE.PA-management-1136,3,2,0.059686250234845216,0.010752046843292649,0.12042292464487767
TTE.PA-management-1137,2,2,-0.037026811847172963,0.7503246275615993,0.9093111984272355
TTE.PA-management-1140,3,3,0.044989486240039234,0.36471267651417427,0.7020719022897854
TTE.PA-management-1142,2,2,-0.1222874760323184,0.022163361825015722,0.16855099857048994
TTE.PA-management-1152,6,6,-0.043150049888098264,0.20383414778618203,0.5104139635621469
TTE.PA-management-1166,11,7,0.02714146206136632,0.12827591519209194,0.45897165056238837
TTE.PA-management-1169,3,2,0.0046076385343522585,0.9469405181450924,0.9728573975280701
TTE.PA-management-1171,4,4,-0.03352579653386641,0.436570664458087,0.7285121026550068
TTE.PA-management-1172,4,3,-0.030730941423951642,0.5861371929143148,0.8243390658338308
TTE.PA-management-1173,19,1,0.05249290493076533,2.8163625066261996e-287,1.734879304081739e-284
TTE.PA-management-1181,3,3,0.055142790792776515,0.19822748250673028,0.5004431525579748
TTE.PA-management-1183,4,4,0.01632651481739341,0.6523345047862502,0.867900766627063
TTE.PA-management-1184,3,3,0.03920341438181479,0.17498845142091965,0.49100915410001555
TTE.PA-management-1185,7,7,0.02861068058785232,0.18134297358965384,0.49100915410001555
TTE.PA-management-1187,3,3,0.051517784842134394,0.21528732909200304,0.5221141524435979
TTE.PA-management-1188,6,6,0.020241948148008646,0.35977830877929445,0.6991275653250643
TTE.PA-management-1189,5,5,0.03796277569931282,0.11655305547616747,0.4487292635832447
TTE.PA-management-1192,3,3,0.019499299446294825,0.5432169215119346,0.7836571982467253
TTE.PA-management-1194,3,2,0.053446830948399277,0.013355967353897746,0.12279516253732854
TTE.PA-management-1195,5,4,-0.05370162689515599,0.30486191216344694,0.6365930098057062
TTE.PA-management-1198,3,1,0.03678578291282935,,
TTE.PA-management-1199,9,6,0.012524641068832776,0.5788779579892733,0.8216332306944524
TTE.PA-management-1201,6,2,0.053446830948399277,3.93122354747047e-05,0.0016879734194397303
TTE.PA-management-1206,7,6,0.03502587980355156,0.10573121808097545,0.42568908717569204
TTE.PA-management-1209,3,3,-0.08112614441699324,0.1880096609271313,0.49100915410001555
TTE.PA-management-1211,8,3,0.0453734581585853,2.5556510049128073e-05,0.0013119008491885742
TTE.PA-management-1212,6,3,0.04997295469869128,0.0002457647463733466,0.008410615764776749
TTE.PA-management-1213,3,3,0.027256336490852903,0.4012882351528996,0.7285121026550068
TTE.PA-management-1214,4,3,-0.005545941744788969,0.9128079612740118,0.9728573975280701
TTE.PA-management-1216,13,5,0.02070272316927157,0.36448381783949635,0.7020719022897854
TTE.PA-management-1217,3,3,0.023478973916054646,0.4678687343334847,0.7499973666566829
TTE.PA-management-1218,4,3,-0.04634305168278684,0.43538174329997176,0.7285121026550068
TTE.PA-management-1219,4,4,0.003759243037535359,0.9367702123214408,0.9728573975280701
TTE.PA-management-1220,3,3,0.007140497142874594,0.8307783448638301,0.951225762892415
TTE.PA-management-1221,6,6,-0.00046453432963099753,0.9889008458154529,0.9930657425956918
TTE.PA-management-1222,3,3,0.04883272006006426,0.1770155197307325,0.49100915410001555
TTE.PA-management-1223,3,3,-0.0016317807520936807,0.9802626945554462,0.9930657425956918
TTE.PA-management-1224,5,2,-0.12313928655087696,4.936378025960382e-07,4.344012662845136e-05
TTE.PA-management-1228,11,11,0.032416139461214244,0.04543429799002606,0.2515350516711278
TTE.PA-management-1230,3,3,0.027956562112896582,0.43828188972759907,0.7285121026550068
TTE.PA-management-1233,15,7,0.0314264773259472,0.022870014024779114,0.17180400779590163
TTE.PA-management-1234,3,3,-0.010745091272226158,0.7513626623367904,0.9093111984272355
TTE.PA-management-1235,3,2,0.05294755642249523,0.17735367863926504,0.49100915410001555
TTE.PA-management-1236,5,5,0.019661504126972363,0.5120357559130012,0.7545790087138966
TTE.PA-management-1239,3,3,-0.014218967521934155,0.6418104918611919,0.8613404422363709
TTE.PA-management-1240,5,1,-0.12654652862511126,,
TTE.PA-management-1242,9,4,-0.006004290672247897,0.7895096575513472,0.9297268298399016
TTE.PA-management-1245,2,2,-0.03972134273931591,0.1638917530088696,0.49100915410001555
TTE.PA-management-1246,5,3,-0.0793608157065757,0.15318190688309563,0.49100915410001555
TTE.PA-management-1248,9,4,0.022984756549092294,0.31084874847742716,0.6469014495341052
TTE.PA-management-1251,4,3,0.006682085237546305,0.7194537849386996,0.9044561867800796
TTE.PA-management-1254,5,2,-0.054930755202760605,0.2786058171631521,0.6061949602128396
TTE.PA-management-1258,4,2,0.07667841785637305,0.011881553664726022,0.12279516253732854
TTE.PA-management-1260,3,2,-0.043207325370902966,0.025062581271539004,0.17543806890077304
TTE.PA-management-1264,3,2,0.03539410955839592,0.1743050853129162,0.49100915410001555
TTE.PA-management-1266,4,2,0.02961020056030435,0.589819684027185,0.8276285315734532
TTE.PA-management-1268,6,5,-0.03609468769389081,0.4217055664670144,0.7285121026550068
TTE.PA-management-1269,3,2,0.03738488786139558,0.1025242909884047,0.4230350768583748
TTE.PA-management-1271,2,2,-0.013756989706283718,0.5380129697905977,0.7834893366217687
TTE.PA-management-1274,2,1,-0.12654652862511126,,
TTE.PA-management-1276,2,1,0.0011965188136570746,,
TTE.PA-management-1283,5,4,0.023020119565966227,0.11163460151709557,0.43982087491949584
TTE.PA-management-1286,7,4,0.024924315588455377,0.16880126821514072,0.49100915410001555
TTE.PA-management-1287,5,4,0.003136118869093657,0.9305424190605244,0.9728573975280701
TTE.PA-management-1288,4,4,0.04745543569476927,0.11926470312038924,0.45350035260592453
TTE.PA-management-1291,2,2,-0.03972134273931591,0.1638917530088696,0.49100915410001555
TTE.PA-management-1292,3,3,0.007140415101116314,0.8937450778681261,0.9728573975280701
TTE.PA-management-1293,3,3,0.0158742934956527,0.576089118321074,0.8195632722535371
TTE.PA-management-1296,5,3,0.032919933820248146,0.01702641165496495,0.1405754836167237
TTE.PA-management-1299,5,5,0.011616753221072038,0.6286421634941076,0.8538671081207477
TTE.PA-management-1301,2,2,0.027121160181376325,0.47879141175164547,0.7499973666566829
TTE.PA-management-1302,3,2,0.04264412145968016,0.17586829248695102,0.49100915410001555
TTE.PA-management-1304,8,6,-0.035779173504271,0.34409672993495577,0.694962575868632
TTE.PA-management-1306,3,3,0.04435513186322232,0.1889109894832852,0.49100915410001555
TTE.PA-management-1307,4,3,0.025484302848045322,0.2603552695549191,0.5938269065850366
TTE.PA-management-1308,8,5,0.02931128657515404,0.046211062496708574,0.25191163272542016
TTE.PA-management-1309,3,3,0.07739330364655346,0.031122088867919243,0.1959219575951965
TTE.PA-management-1313,4,2,0.049743381844382636,0.0543938433542402,0.2888500647087238
TTE.PA-management-1315,2,2,0.018331137338368202,0.7659522401357804,0.919739921878442
TTE.PA-management-1317,2,2,0.04388064659171961,0.2660653023010878,0.5938269065850366
TTE.PA-management-1318,2,2,-0.012841298921565249,0.9284066987648955,0.9728573975280701
TTE.PA-management-1320,3,3,0.020976189581854727,0.1775183288226601,0.49100915410001555
TTE.PA-management-1321,4,4,-0.03549040146266719,0.5584354906289546,0.8027297150532846
TTE.PA-management-1322,2,2,0.05656654059162225,0.10438527870531326,0.4230350768583748
TTE.PA-management-1323,10,7,0.015193047687117175,0.3197139457327625,0.6586748848541194
TTE.PA-management-1325,9,7,0.018157356921558888,0.3539611426775165,0.6991275653250643
TTE.PA-management-1326,5,5,0.011616753221072038,0.6286421634941076,0.8538671081207477
TTE.PA-management-1327,5,5,0.047025169037060964,0.07953694043959367,0.3499625379342121
TTE.PA-management-1328,3,3,0.03920341438181479,0.17498845142091965,0.49100915410001555
TTE.PA-management-1329,5,5,0.014095235723488406,0.5683292405011096,0.8103953984923229
TTE.PA-management-1330,4,3,-0.09248124046902274,0.05975589963599417,0.31224107001342616
TTE.PA-management-1338,6,4,0.024470579481309526,0.29156278148024584,0.6171913174977025
TTE.PA-management-1339,13,12,-0.0005980966817533049,0.9790433386193025,0.9930657425956918
TTE.PA-management-1340,4,3,0.0025885830424370853,0.9600477698722051,0.9823744621948145
TTE.PA-management-1345,2,1,-0.12654652862511126,,
TTE.PA-management-1350,2,1,-0.11802842343952553,,
TTE.PA-management-1352,3,1,-0.11802842343952553,,
TTE.PA-management-1353,3,3,0.02098459684972247,0.6188333021209633,0.8508957904163246
TTE.PA-management-1354,6,6,0.006560679413411604,0.7326344817936677,0.9093111984272355
TTE.PA-management-1355,7,6,0.003978589498421391,0.893319390943607,0.9728573975280701
TTE.PA-management-1356,4,4,-0.016679831906294663,0.709527172464189,0.9012093641371323
TTE.PA-management-1358,5,4,0.027202265967062274,0.16929112311312328,0.49100915410001555
TTE.PA-management-1359,4,4,0.03110589196504391,0.25660490687934984,0.5938269065850366
TTE.PA-management-1360,5,5,0.00765486930377299,0.8439207849041475,0.9580722496470155
TTE.PA-management-1365,3,3,-0.00450567198578022,0.9111827245969838,0.9728573975280701
TTE.PA-management-1366,4,3,0.010578017351418074,0.8219364610148729,0.9467105461034133
TTE.PA-management-1367,6,6,0.022625140883375083,0.3862091907214171,0.7285121026550068
TTE.PA-management-1368,8,8,0.029870911365989045,0.1561234845888577,0.49100915410001555
TTE.PA-management-1371,6,6,0.045415818384018286,0.05397786957530753,0.2888500647087238
TTE.PA-management-1372,3,3,-0.010745091272226158,0.7513626623367904,0.9093111984272355
TTE.PA-management-1373,6,5,0.006586689839374015,0.791813701415479,0.9297268298399016
TTE.PA-management-1376,6,6,0.02513566805035769,0.4344915690764214,0.7285121026550068
TTE.PA-management-1377,5,5,0.03898041813116064,0.07287012467599019,0.3389604167843134
TTE.PA-management-1378,3,3,-0.08112614441699324,0.1880096609271313,0.49100915410001555
TTE.PA-management-1380,2,2,-0.05841595231293423,0.5064535424601955,0.7545790087138966
TTE.PA-management-1387,3,3,0.07739330364655346,0.031122088867919243,0.1959219575951965
TTE.PA-management-1403,3,2,0.03441898946976497,0.40903501867039566,0.7285121026550068
TTE.PA-management-1404,2,1,0.0011965188136570746,,
TTE.PA-management-1417,2,2,0.026844711872211206,0.4854914553653483,0.7499973666566829
TTE.PA-management-1418,3,1,0.0011965188136570746,,
TTE.PA-management-1419,3,1,-0.12654652862511126,,
TTE.PA-management-1439,2,1,0.04720741166195334,,
TTE.PA-management-1442,5,5,0.038814431394233365,0.23429757270756116,0.5551050184148373
TTE.PA-management-1448,2,1,0.0017494154319873138,,
TTE.PA-management-1451,7,5,0.00283983881831959,0.9383011555327272,0.9728573975280701
TTE.PA-management-1454,3,2,0.05037640532204365,0.06053095255367078,0.3133366955719428
TTE.PA-management-1455,7,1,0.05249290493076535,1.6672006163706622e-96,5.13497789842164e-94
TTE.PA-management-1456,10,6,0.009247855886891476,0.7260474200195091,0.9093111984272355
TTE.PA-management-1457,3,3,-0.06402734904462383,0.3867314502138617,0.7285121026550068
TTE.PA-management-1459,3,3,0.05170208371491114,0.21252970654749287,0.5213451482980493
TTE.PA-management-1461,7,3,0.028950366035838587,0.2859893081698806,0.6116993535855779
TTE.PA-management-1470,4,4,0.00842259892615317,0.785998269457641,0.9279532543479904
TTE.PA-management-1474,3,2,0.03441898946976497,0.40903501867039566,0.7285121026550068
TTE.PA-management-1475,3,2,0.03441898946976497,0.40903501867039566,0.7285121026550068
TTE.PA-management-1483,5,4,-0.004182629262112422,0.938017413096912,0.9728573975280701
TTE.PA-management-1484,4,3,0.05756077776106474,0.03613470482423317,0.21610658419153042
TTE.PA-management-1485,2,2,0.04388064659171961,0.2660653023010878,0.5938269065850366
TTE.PA-management-1494,2,1,-0.12654652862511126,,
TTE.PA-management-1502,3,2,0.021920320136668617,0.40106007544212546,0.7285121026550068
TTE.PA-management-1503,3,2,0.03441898946976497,0.40903501867039566,0.7285121026550068
TTE.PA-management-1533,12,8,0.04001373692956029,0.007711678994166654,0.10556431689792575
TTE.PA-management-1566,10,10,0.018786447048592746,0.34091467183568225,0.6908007824038824
TTE.PA-management-1567,6,6,-0.018385506276885465,0.6224705512576371,0.8520930212771209
TTE.PA-management-1569,4,4,0.00842259892615317,0.785998269457641,0.9279532543479904
TTE.PA-management-1571,2,2,0.008972008408699293,0.8532705935855678,0.9591508862202732
TTE.PA-management-1572,10,9,0.010593470215977509,0.6834713425610341,0.8970376720069789
TTE.PA-management-1573,4,4,0.03356547860083101,0.18027232208046598,0.49100915410001555
TTE.PA-management-1574,4,4,0.03110589196504391,0.25660490687934984,0.5938269065850366
TTE.PA-management-1575,4,4,0.058344107438329365,0.0726421773446075,0.3389604167843134
TTE.PA-management-1576,4,4,0.012462726706337761,0.7096557963452951,0.9012093641371323
TTE.PA-management-1578,6,6,0.020241948148008646,0.35977830877929445,0.6991275653250643
TTE.PA-management-1579,3,3,0.060294508274184054,0.18421660883935687,0.49100915410001555
TTE.PA-management-1590,5,5,0.047025169037060964,0.07953694043959367,0.3499625379342121
TTE.PA-management-1592,2,2,0.008972008408699293,0.8532705935855678,0.9591508862202732
TTE.PA-management-1595,4,4,0.00842259892615317,0.785998269457641,0.9279532543479904
TTE.PA-management-1596,10,9,0.010593470215977509,0.6834713425610341,0.8970376720069789
TTE.PA-press-1,2,2,-0.06281429844226268,0.031363395489983445,0.1959219575951965
TTE.PA-press-3,3,3,-0.007121775202014703,0.8823777592306439,0.9728573975280701
TTE.PA-press-4,3,3,0.019414363256935196,0.8054365771242094,0.9361300594500245
TTE.PA-press-9,3,1,0.042375750351649775,1.340650874755905e-32,2.0646023471240937e-30
TTE.PA-press-21,4,2,-0.002288190708385966,0.013236593438440924,0.12279516253732854
TTE.PA-press-22,3,1,-0.0792022303307979,,
TTE.PA-press-23,3,1,-0.13657152886242124,,
TTE.PA-press-24,2,2,0.006234185679857351,0.917818803355078,0.9728573975280701
TTE.PA-press-26,2,2,-0.04451816619047668,0.6985852932401152,0.9002689134642489
TTE.PA-press-28,4,3,-0.07569421319531869,1.3791596445518704e-05,0.0010619529263049402
TTE.PA-press-29,3,1,-0.07224391748674444,,
TTE.PA-press-31,2,1,0.1528418679560845,,
TTE.PA-press-35,2,1,-0.0030385758269901725,,
TTE.PA-press-37,6,6,-0.024094457473449543,0.409414912199806,0.7285121026550068
TTE.PA-press-47,4,2,-0.02241459590431328,0.13883100794479744,0.48590852780679106
TTE.PA-press-51,2,2,-0.023288756043250137,0.478272121226854,0.7499973666566829
TTE.PA-press-56,2,1,-0.02301864328371581,,
TTE.PA-press-64,8,3,0.024671420874471543,0.43160400322023385,0.7285121026550068
TTE.PA-press-66,2,1,0.03629915694129482,,
TTE.PA-press-67,9,4,0.06410353268514277,0.024003262664983226,0.17543806890077304
TTE.PA-press-69,8,4,-0.009825237752225578,0.7062443345303373,0.9012093641371323
TTE.PA-press-72,2,1,-0.06894472482131914,,
TTE.PA-press-76,3,2,-0.03829421867790222,0.0003208300320534851,0.009881564987247342
TTE.PA-press-77,2,1,-0.07958946918372085,,
TTE.PA-press-80,2,2,-0.0646842225963025,0.1288814357703246,0.45897165056238837
TTE.PA-press-83,2,1,0.04291718762319985,,
TTE.PA-press-84,3,3,0.0314274539895086,0.6680754790426324,0.8831212340992738
TTE.PA-press-85,3,2,0.053533606608939945,0.38966697422063035,0.7285121026550068
TTE.PA-press-87,4,1,-0.0182484315635145,,
TTE.PA-press-89,3,2,-0.07684431176484342,0.00021118175701500505,0.007652233077720183
TTE.PA-press-90,3,3,0.0314274539895086,0.6680754790426324,0.8831212340992738
TTE.PA-press-99,3,1,-0.032772627845430606,,
TTE.PA-press-100,3,3,-0.02187401512842918,0.4626366578105161,0.7499973666566829
TTE.PA-press-104,6,4,0.06640194132474381,0.005796942678800359,0.08709552902782979
TTE.PA-press-106,9,6,-0.010879288663065477,0.5854669879114297,0.8243390658338308
TTE.PA-press-110,6,2,-0.10496758189086615,0.004415724303202898,0.07158121502034172
TTE.PA-press-116,3,1,-0.10243408640581199,,
TTE.PA-press-119,3,2,0.015035327374950854,0.017067098025036063,0.1405754836167237
TTE.PA-press-122,2,1,0.03952855612775572,,
TTE.PA-press-123,3,2,-0.0808254369095844,0.06462432083134574,0.3210369486460401
TTE.PA-press-126,2,2,-0.03291029487635486,0.12889950575859282,0.45897165056238837
TTE.PA-press-129,4,2,-0.013013768599059644,0.7139450806800658,0.9012093641371323
TTE.PA-press-133,3,2,0.04083351630637266,0.3704958194212928,0.7109826316620447
TTE.PA-press-134,4,4,0.0432523723641567,0.45000185334750464,0.7431665996301954
TTE.PA-press-135,2,2,0.05805667988836212,0.22826847841978964,0.5450131112658543
TTE.PA-press-137,8,7,0.055947262331052156,0.2112426995226185,0.5213451482980493
